PMSId,"Serivce ID","Material ID","Colour Name"
871,MetallicInkMix,MetallicInk,
872,MetallicInkMix,MetallicInk,
873,MetallicInkMix,MetallicInk,
874,MetallicInkMix,MetallicInk,
875,MetallicInkMix,MetallicInk,
876,MetallicInkMix,MetallicInk,
877,MetallicInkMix,MetallicInk,
8001,MetallicInkMix,MetallicInk,
8002,MetallicInkMix,MetallicInk,
8003,MetallicInkMix,MetallicInk,
8004,MetallicInkMix,MetallicInk,
8005,MetallicInkMix,MetallicInk,
8020,MetallicInkMix,MetallicInk,
8021,MetallicInkMix,MetallicInk,
8022,MetallicInkMix,MetallicInk,
8023,MetallicInkMix,MetallicInk,
8040,MetallicInkMix,MetallicInk,
8041,MetallicInkMix,MetallicInk,
8042,MetallicInkMix,MetallicInk,
8043,MetallicInkMix,MetallicInk,
8060,MetallicInkMix,MetallicInk,
8061,MetallicInkMix,MetallicInk,
8062,MetallicInkMix,MetallicInk,
8063,MetallicInkMix,MetallicInk,
8080,MetallicInkMix,MetallicInk,
8081,MetallicInkMix,MetallicInk,
8082,MetallicInkMix,MetallicInk,
8083,MetallicInkMix,MetallicInk,
8100,MetallicInkMix,MetallicInk,
8101,MetallicInkMix,MetallicInk,
8102,MetallicInkMix,MetallicInk,
8103,MetallicInkMix,MetallicInk,
8120,MetallicInkMix,MetallicInk,
8121,MetallicInkMix,MetallicInk,
8122,MetallicInkMix,MetallicInk,
8123,MetallicInkMix,MetallicInk,
8140,MetallicInkMix,MetallicInk,
8141,MetallicInkMix,MetallicInk,
8142,MetallicInkMix,MetallicInk,
8143,MetallicInkMix,MetallicInk,
8160,MetallicInkMix,MetallicInk,
8161,MetallicInkMix,MetallicInk,
8162,MetallicInkMix,MetallicInk,
8163,MetallicInkMix,MetallicInk,
8180,MetallicInkMix,MetallicInk,
8181,MetallicInkMix,MetallicInk,
8182,MetallicInkMix,MetallicInk,
8183,MetallicInkMix,MetallicInk,
8200,MetallicInkMix,MetallicInk,
8201,MetallicInkMix,MetallicInk,
8202,MetallicInkMix,MetallicInk,
8203,MetallicInkMix,MetallicInk,
8221,MetallicInkMix,MetallicInk,
8222,MetallicInkMix,MetallicInk,
8223,MetallicInkMix,MetallicInk,
8240,MetallicInkMix,MetallicInk,
8241,MetallicInkMix,MetallicInk,
8242,MetallicInkMix,MetallicInk,
8243,MetallicInkMix,MetallicInk,
8260,MetallicInkMix,MetallicInk,
8261,MetallicInkMix,MetallicInk,
8262,MetallicInkMix,MetallicInk,
8263,MetallicInkMix,MetallicInk,
8280,MetallicInkMix,MetallicInk,
8281,MetallicInkMix,MetallicInk,
8282,MetallicInkMix,MetallicInk,
8283,MetallicInkMix,MetallicInk,
8300,MetallicInkMix,MetallicInk,
8301,MetallicInkMix,MetallicInk,
8302,MetallicInkMix,MetallicInk,
8303,MetallicInkMix,MetallicInk,
8320,MetallicInkMix,MetallicInk,
8321,MetallicInkMix,MetallicInk,
8322,MetallicInkMix,MetallicInk,
8323,MetallicInkMix,MetallicInk,
8340,MetallicInkMix,MetallicInk,
8341,MetallicInkMix,MetallicInk,
8342,MetallicInkMix,MetallicInk,
8343,MetallicInkMix,MetallicInk,
8360,MetallicInkMix,MetallicInk,
8361,MetallicInkMix,MetallicInk,
8362,MetallicInkMix,MetallicInk,
8363,MetallicInkMix,MetallicInk,
8380,MetallicInkMix,MetallicInk,
8381,MetallicInkMix,MetallicInk,
8382,MetallicInkMix,MetallicInk,
8383,MetallicInkMix,MetallicInk,
8400,MetallicInkMix,MetallicInk,
8401,MetallicInkMix,MetallicInk,
8042,MetallicInkMix,MetallicInk,
8403,MetallicInkMix,MetallicInk,
8420,MetallicInkMix,MetallicInk,
8421,MetallicInkMix,MetallicInk,
8422,MetallicInkMix,MetallicInk,
8423,MetallicInkMix,MetallicInk,
8460,MetallicInkMix,MetallicInk,
8461,MetallicInkMix,MetallicInk,
8462,MetallicInkMix,MetallicInk,
8463,MetallicInkMix,MetallicInk,
8480,MetallicInkMix,MetallicInk,
8481,MetallicInkMix,MetallicInk,
8482,MetallicInkMix,MetallicInk,
8483,MetallicInkMix,MetallicInk,
8500,MetallicInkMix,MetallicInk,
8501,MetallicInkMix,MetallicInk,
8502,MetallicInkMix,MetallicInk,
8503,MetallicInkMix,MetallicInk,
8520,MetallicInkMix,MetallicInk,
8521,MetallicInkMix,MetallicInk,
8522,MetallicInkMix,MetallicInk,
8523,MetallicInkMix,MetallicInk,
8540,MetallicInkMix,MetallicInk,
8541,MetallicInkMix,MetallicInk,
8542,MetallicInkMix,MetallicInk,
8543,MetallicInkMix,MetallicInk,
8560,MetallicInkMix,MetallicInk,
8561,MetallicInkMix,MetallicInk,
8562,MetallicInkMix,MetallicInk,
8563,MetallicInkMix,MetallicInk,
8580,MetallicInkMix,MetallicInk,
8581,MetallicInkMix,MetallicInk,
8582,MetallicInkMix,MetallicInk,
8583,MetallicInkMix,MetallicInk,
8600,MetallicInkMix,MetallicInk,
8601,MetallicInkMix,MetallicInk,
8602,MetallicInkMix,MetallicInk,
8603,MetallicInkMix,MetallicInk,
8620,MetallicInkMix,MetallicInk,
8621,MetallicInkMix,MetallicInk,
8622,MetallicInkMix,MetallicInk,
8623,MetallicInkMix,MetallicInk,
8640,MetallicInkMix,MetallicInk,
8641,MetallicInkMix,MetallicInk,
8642,MetallicInkMix,MetallicInk,
8643,MetallicInkMix,MetallicInk,
8660,MetallicInkMix,MetallicInk,
8661,MetallicInkMix,MetallicInk,
8662,MetallicInkMix,MetallicInk,
8663,MetallicInkMix,MetallicInk,
8680,MetallicInkMix,MetallicInk,
8681,MetallicInkMix,MetallicInk,
8682,MetallicInkMix,MetallicInk,
8683,MetallicInkMix,MetallicInk,
8700,MetallicInkMix,MetallicInk,
8701,MetallicInkMix,MetallicInk,
8702,MetallicInkMix,MetallicInk,
8703,MetallicInkMix,MetallicInk,
8720,MetallicInkMix,MetallicInk,
8721,MetallicInkMix,MetallicInk,
8722,MetallicInkMix,MetallicInk,
8723,MetallicInkMix,MetallicInk,
8740,MetallicInkMix,MetallicInk,
8741,MetallicInkMix,MetallicInk,
8742,MetallicInkMix,MetallicInk,
8743,MetallicInkMix,MetallicInk,
8760,MetallicInkMix,MetallicInk,
8761,MetallicInkMix,MetallicInk,
8762,MetallicInkMix,MetallicInk,
8763,MetallicInkMix,MetallicInk,
8780,MetallicInkMix,MetallicInk,
8781,MetallicInkMix,MetallicInk,
8782,MetallicInkMix,MetallicInk,
8783,MetallicInkMix,MetallicInk,
8800,MetallicInkMix,MetallicInk,
8801,MetallicInkMix,MetallicInk,
8802,MetallicInkMix,MetallicInk,
8803,MetallicInkMix,MetallicInk,
8820,MetallicInkMix,MetallicInk,
8821,MetallicInkMix,MetallicInk,
8822,MetallicInkMix,MetallicInk,
8823,MetallicInkMix,MetallicInk,
8840,MetallicInkMix,MetallicInk,
8841,MetallicInkMix,MetallicInk,
8842,MetallicInkMix,MetallicInk,
8843,MetallicInkMix,MetallicInk,
8860,MetallicInkMix,MetallicInk,
8861,MetallicInkMix,MetallicInk,
8862,MetallicInkMix,MetallicInk,
8863,MetallicInkMix,MetallicInk,
8880,MetallicInkMix,MetallicInk,
8881,MetallicInkMix,MetallicInk,
8882,MetallicInkMix,MetallicInk,
8883,MetallicInkMix,MetallicInk,
8900,MetallicInkMix,MetallicInk,
8901,MetallicInkMix,MetallicInk,
8902,MetallicInkMix,MetallicInk,
8903,MetallicInkMix,MetallicInk,
8920,MetallicInkMix,MetallicInk,
8921,MetallicInkMix,MetallicInk,
8922,MetallicInkMix,MetallicInk,
8923,MetallicInkMix,MetallicInk,
8940,MetallicInkMix,MetallicInk,
8941,MetallicInkMix,MetallicInk,
8942,MetallicInkMix,MetallicInk,
8943,MetallicInkMix,MetallicInk,
8960,MetallicInkMix,MetallicInk,
8961,MetallicInkMix,MetallicInk,
8962,MetallicInkMix,MetallicInk,
8963,MetallicInkMix,MetallicInk,
PMS871,MetallicInkMix,MetallicInk,
PMS872,MetallicInkMix,MetallicInk,
PMS873,MetallicInkMix,MetallicInk,
PMS874,MetallicInkMix,MetallicInk,
PMS875,MetallicInkMix,MetallicInk,
PMS876,MetallicInkMix,MetallicInk,
PMS877,MetallicInkMix,MetallicInk,
PMS8001,MetallicInkMix,MetallicInk,
PMS8002,MetallicInkMix,MetallicInk,
PMS8003,MetallicInkMix,MetallicInk,
PMS8004,MetallicInkMix,MetallicInk,
PMS8005,MetallicInkMix,MetallicInk,
PMS8020,MetallicInkMix,MetallicInk,
PMS8021,MetallicInkMix,MetallicInk,
PMS8022,MetallicInkMix,MetallicInk,
PMS8023,MetallicInkMix,MetallicInk,
PMS8040,MetallicInkMix,MetallicInk,
PMS8041,MetallicInkMix,MetallicInk,
PMS8042,MetallicInkMix,MetallicInk,
PMS8043,MetallicInkMix,MetallicInk,
PMS8060,MetallicInkMix,MetallicInk,
PMS8061,MetallicInkMix,MetallicInk,
PMS8062,MetallicInkMix,MetallicInk,
PMS8063,MetallicInkMix,MetallicInk,
PMS8080,MetallicInkMix,MetallicInk,
PMS8081,MetallicInkMix,MetallicInk,
PMS8082,MetallicInkMix,MetallicInk,
PMS8083,MetallicInkMix,MetallicInk,
PMS8100,MetallicInkMix,MetallicInk,
PMS8101,MetallicInkMix,MetallicInk,
PMS8102,MetallicInkMix,MetallicInk,
PMS8103,MetallicInkMix,MetallicInk,
PMS8120,MetallicInkMix,MetallicInk,
PMS8121,MetallicInkMix,MetallicInk,
PMS8122,MetallicInkMix,MetallicInk,
PMS8123,MetallicInkMix,MetallicInk,
PMS8140,MetallicInkMix,MetallicInk,
PMS8141,MetallicInkMix,MetallicInk,
PMS8142,MetallicInkMix,MetallicInk,
PMS8143,MetallicInkMix,MetallicInk,
PMS8160,MetallicInkMix,MetallicInk,
PMS8161,MetallicInkMix,MetallicInk,
PMS8162,MetallicInkMix,MetallicInk,
PMS8163,MetallicInkMix,MetallicInk,
PMS8180,MetallicInkMix,MetallicInk,
PMS8181,MetallicInkMix,MetallicInk,
PMS8182,MetallicInkMix,MetallicInk,
PMS8183,MetallicInkMix,MetallicInk,
PMS8200,MetallicInkMix,MetallicInk,
PMS8201,MetallicInkMix,MetallicInk,
PMS8202,MetallicInkMix,MetallicInk,
PMS8203,MetallicInkMix,MetallicInk,
PMS8221,MetallicInkMix,MetallicInk,
PMS8222,MetallicInkMix,MetallicInk,
PMS8223,MetallicInkMix,MetallicInk,
PMS8240,MetallicInkMix,MetallicInk,
PMS8241,MetallicInkMix,MetallicInk,
PMS8242,MetallicInkMix,MetallicInk,
PMS8243,MetallicInkMix,MetallicInk,
PMS8260,MetallicInkMix,MetallicInk,
PMS8261,MetallicInkMix,MetallicInk,
PMS8262,MetallicInkMix,MetallicInk,
PMS8263,MetallicInkMix,MetallicInk,
PMS8280,MetallicInkMix,MetallicInk,
PMS8281,MetallicInkMix,MetallicInk,
PMS8282,MetallicInkMix,MetallicInk,
PMS8283,MetallicInkMix,MetallicInk,
PMS8300,MetallicInkMix,MetallicInk,
PMS8301,MetallicInkMix,MetallicInk,
PMS8302,MetallicInkMix,MetallicInk,
PMS8303,MetallicInkMix,MetallicInk,
PMS8320,MetallicInkMix,MetallicInk,
PMS8321,MetallicInkMix,MetallicInk,
PMS8322,MetallicInkMix,MetallicInk,
PMS8323,MetallicInkMix,MetallicInk,
PMS8340,MetallicInkMix,MetallicInk,
PMS8341,MetallicInkMix,MetallicInk,
PMS8342,MetallicInkMix,MetallicInk,
PMS8343,MetallicInkMix,MetallicInk,
PMS8360,MetallicInkMix,MetallicInk,
PMS8361,MetallicInkMix,MetallicInk,
PMS8362,MetallicInkMix,MetallicInk,
PMS8363,MetallicInkMix,MetallicInk,
PMS8380,MetallicInkMix,MetallicInk,
PMS8381,MetallicInkMix,MetallicInk,
PMS8382,MetallicInkMix,MetallicInk,
PMS8383,MetallicInkMix,MetallicInk,
PMS8400,MetallicInkMix,MetallicInk,
PMS8401,MetallicInkMix,MetallicInk,
PMS8042,MetallicInkMix,MetallicInk,
PMS8403,MetallicInkMix,MetallicInk,
PMS8420,MetallicInkMix,MetallicInk,
PMS8421,MetallicInkMix,MetallicInk,
PMS8422,MetallicInkMix,MetallicInk,
PMS8423,MetallicInkMix,MetallicInk,
PMS8460,MetallicInkMix,MetallicInk,
PMS8461,MetallicInkMix,MetallicInk,
PMS8462,MetallicInkMix,MetallicInk,
PMS8463,MetallicInkMix,MetallicInk,
PMS8480,MetallicInkMix,MetallicInk,
PMS8481,MetallicInkMix,MetallicInk,
PMS8482,MetallicInkMix,MetallicInk,
PMS8483,MetallicInkMix,MetallicInk,
PMS8500,MetallicInkMix,MetallicInk,
PMS8501,MetallicInkMix,MetallicInk,
PMS8502,MetallicInkMix,MetallicInk,
PMS8503,MetallicInkMix,MetallicInk,
PMS8520,MetallicInkMix,MetallicInk,
PMS8521,MetallicInkMix,MetallicInk,
PMS8522,MetallicInkMix,MetallicInk,
PMS8523,MetallicInkMix,MetallicInk,
PMS8540,MetallicInkMix,MetallicInk,
PMS8541,MetallicInkMix,MetallicInk,
PMS8542,MetallicInkMix,MetallicInk,
PMS8543,MetallicInkMix,MetallicInk,
PMS8560,MetallicInkMix,MetallicInk,
PMS8561,MetallicInkMix,MetallicInk,
PMS8562,MetallicInkMix,MetallicInk,
PMS8563,MetallicInkMix,MetallicInk,
PMS8580,MetallicInkMix,MetallicInk,
PMS8581,MetallicInkMix,MetallicInk,
PMS8582,MetallicInkMix,MetallicInk,
PMS8583,MetallicInkMix,MetallicInk,
PMS8600,MetallicInkMix,MetallicInk,
PMS8601,MetallicInkMix,MetallicInk,
PMS8602,MetallicInkMix,MetallicInk,
PMS8603,MetallicInkMix,MetallicInk,
PMS8620,MetallicInkMix,MetallicInk,
PMS8621,MetallicInkMix,MetallicInk,
PMS8622,MetallicInkMix,MetallicInk,
PMS8623,MetallicInkMix,MetallicInk,
PMS8640,MetallicInkMix,MetallicInk,
PMS8641,MetallicInkMix,MetallicInk,
PMS8642,MetallicInkMix,MetallicInk,
PMS8643,MetallicInkMix,MetallicInk,
PMS8660,MetallicInkMix,MetallicInk,
PMS8661,MetallicInkMix,MetallicInk,
PMS8662,MetallicInkMix,MetallicInk,
PMS8663,MetallicInkMix,MetallicInk,
PMS8680,MetallicInkMix,MetallicInk,
PMS8681,MetallicInkMix,MetallicInk,
PMS8682,MetallicInkMix,MetallicInk,
PMS8683,MetallicInkMix,MetallicInk,
PMS8700,MetallicInkMix,MetallicInk,
PMS8701,MetallicInkMix,MetallicInk,
PMS8702,MetallicInkMix,MetallicInk,
PMS8703,MetallicInkMix,MetallicInk,
PMS8720,MetallicInkMix,MetallicInk,
PMS8721,MetallicInkMix,MetallicInk,
PMS8722,MetallicInkMix,MetallicInk,
PMS8723,MetallicInkMix,MetallicInk,
PMS8740,MetallicInkMix,MetallicInk,
PMS8741,MetallicInkMix,MetallicInk,
PMS8742,MetallicInkMix,MetallicInk,
PMS8743,MetallicInkMix,MetallicInk,
PMS8760,MetallicInkMix,MetallicInk,
PMS8761,MetallicInkMix,MetallicInk,
PMS8762,MetallicInkMix,MetallicInk,
PMS8763,MetallicInkMix,MetallicInk,
PMS8780,MetallicInkMix,MetallicInk,
PMS8781,MetallicInkMix,MetallicInk,
PMS8782,MetallicInkMix,MetallicInk,
PMS8783,MetallicInkMix,MetallicInk,
PMS8800,MetallicInkMix,MetallicInk,
PMS8801,MetallicInkMix,MetallicInk,
PMS8802,MetallicInkMix,MetallicInk,
PMS8803,MetallicInkMix,MetallicInk,
PMS8820,MetallicInkMix,MetallicInk,
PMS8821,MetallicInkMix,MetallicInk,
PMS8822,MetallicInkMix,MetallicInk,
PMS8823,MetallicInkMix,MetallicInk,
PMS8840,MetallicInkMix,MetallicInk,
PMS8841,MetallicInkMix,MetallicInk,
PMS8842,MetallicInkMix,MetallicInk,
PMS8843,MetallicInkMix,MetallicInk,
PMS8860,MetallicInkMix,MetallicInk,
PMS8861,MetallicInkMix,MetallicInk,
PMS8862,MetallicInkMix,MetallicInk,
PMS8863,MetallicInkMix,MetallicInk,
PMS8880,MetallicInkMix,MetallicInk,
PMS8881,MetallicInkMix,MetallicInk,
PMS8882,MetallicInkMix,MetallicInk,
PMS8883,MetallicInkMix,MetallicInk,
PMS8900,MetallicInkMix,MetallicInk,
PMS8901,MetallicInkMix,MetallicInk,
PMS8902,MetallicInkMix,MetallicInk,
PMS8903,MetallicInkMix,MetallicInk,
PMS8920,MetallicInkMix,MetallicInk,
PMS8921,MetallicInkMix,MetallicInk,
PMS8922,MetallicInkMix,MetallicInk,
PMS8923,MetallicInkMix,MetallicInk,
PMS8940,MetallicInkMix,MetallicInk,
PMS8941,MetallicInkMix,MetallicInk,
PMS8942,MetallicInkMix,MetallicInk,
PMS8943,MetallicInkMix,MetallicInk,
PMS8960,MetallicInkMix,MetallicInk,
PMS8961,MetallicInkMix,MetallicInk,
PMS8962,MetallicInkMix,MetallicInk,
PMS8963,MetallicInkMix,MetallicInk,
"PMS 871",MetallicInkMix,MetallicInk,
"PMS 872",MetallicInkMix,MetallicInk,
"PMS 873",MetallicInkMix,MetallicInk,
"PMS 874",MetallicInkMix,MetallicInk,
"PMS 875",MetallicInkMix,MetallicInk,
"PMS 876",MetallicInkMix,MetallicInk,
"PMS 877",MetallicInkMix,MetallicInk,
"PMS 8001",MetallicInkMix,MetallicInk,
"PMS 8002",MetallicInkMix,MetallicInk,
"PMS 8003",MetallicInkMix,MetallicInk,
"PMS 8004",MetallicInkMix,MetallicInk,
"PMS 8005",MetallicInkMix,MetallicInk,
"PMS 8020",MetallicInkMix,MetallicInk,
"PMS 8021",MetallicInkMix,MetallicInk,
"PMS 8022",MetallicInkMix,MetallicInk,
"PMS 8023",MetallicInkMix,MetallicInk,
"PMS 8040",MetallicInkMix,MetallicInk,
"PMS 8041",MetallicInkMix,MetallicInk,
"PMS 8042",MetallicInkMix,MetallicInk,
"PMS 8043",MetallicInkMix,MetallicInk,
"PMS 8060",MetallicInkMix,MetallicInk,
"PMS 8061",MetallicInkMix,MetallicInk,
"PMS 8062",MetallicInkMix,MetallicInk,
"PMS 8063",MetallicInkMix,MetallicInk,
"PMS 8080",MetallicInkMix,MetallicInk,
"PMS 8081",MetallicInkMix,MetallicInk,
"PMS 8082",MetallicInkMix,MetallicInk,
"PMS 8083",MetallicInkMix,MetallicInk,
"PMS 8100",MetallicInkMix,MetallicInk,
"PMS 8101",MetallicInkMix,MetallicInk,
"PMS 8102",MetallicInkMix,MetallicInk,
"PMS 8103",MetallicInkMix,MetallicInk,
"PMS 8120",MetallicInkMix,MetallicInk,
"PMS 8121",MetallicInkMix,MetallicInk,
"PMS 8122",MetallicInkMix,MetallicInk,
"PMS 8123",MetallicInkMix,MetallicInk,
"PMS 8140",MetallicInkMix,MetallicInk,
"PMS 8141",MetallicInkMix,MetallicInk,
"PMS 8142",MetallicInkMix,MetallicInk,
"PMS 8143",MetallicInkMix,MetallicInk,
"PMS 8160",MetallicInkMix,MetallicInk,
"PMS 8161",MetallicInkMix,MetallicInk,
"PMS 8162",MetallicInkMix,MetallicInk,
"PMS 8163",MetallicInkMix,MetallicInk,
"PMS 8180",MetallicInkMix,MetallicInk,
"PMS 8181",MetallicInkMix,MetallicInk,
"PMS 8182",MetallicInkMix,MetallicInk,
"PMS 8183",MetallicInkMix,MetallicInk,
"PMS 8200",MetallicInkMix,MetallicInk,
"PMS 8201",MetallicInkMix,MetallicInk,
"PMS 8202",MetallicInkMix,MetallicInk,
"PMS 8203",MetallicInkMix,MetallicInk,
"PMS 8221",MetallicInkMix,MetallicInk,
"PMS 8222",MetallicInkMix,MetallicInk,
"PMS 8223",MetallicInkMix,MetallicInk,
"PMS 8240",MetallicInkMix,MetallicInk,
"PMS 8241",MetallicInkMix,MetallicInk,
"PMS 8242",MetallicInkMix,MetallicInk,
"PMS 8243",MetallicInkMix,MetallicInk,
"PMS 8260",MetallicInkMix,MetallicInk,
"PMS 8261",MetallicInkMix,MetallicInk,
"PMS 8262",MetallicInkMix,MetallicInk,
"PMS 8263",MetallicInkMix,MetallicInk,
"PMS 8280",MetallicInkMix,MetallicInk,
"PMS 8281",MetallicInkMix,MetallicInk,
"PMS 8282",MetallicInkMix,MetallicInk,
"PMS 8283",MetallicInkMix,MetallicInk,
"PMS 8300",MetallicInkMix,MetallicInk,
"PMS 8301",MetallicInkMix,MetallicInk,
"PMS 8302",MetallicInkMix,MetallicInk,
"PMS 8303",MetallicInkMix,MetallicInk,
"PMS 8320",MetallicInkMix,MetallicInk,
"PMS 8321",MetallicInkMix,MetallicInk,
"PMS 8322",MetallicInkMix,MetallicInk,
"PMS 8323",MetallicInkMix,MetallicInk,
"PMS 8340",MetallicInkMix,MetallicInk,
"PMS 8341",MetallicInkMix,MetallicInk,
"PMS 8342",MetallicInkMix,MetallicInk,
"PMS 8343",MetallicInkMix,MetallicInk,
"PMS 8360",MetallicInkMix,MetallicInk,
"PMS 8361",MetallicInkMix,MetallicInk,
"PMS 8362",MetallicInkMix,MetallicInk,
"PMS 8363",MetallicInkMix,MetallicInk,
"PMS 8380",MetallicInkMix,MetallicInk,
"PMS 8381",MetallicInkMix,MetallicInk,
"PMS 8382",MetallicInkMix,MetallicInk,
"PMS 8383",MetallicInkMix,MetallicInk,
"PMS 8400",MetallicInkMix,MetallicInk,
"PMS 8401",MetallicInkMix,MetallicInk,
"PMS 8042",MetallicInkMix,MetallicInk,
"PMS 8403",MetallicInkMix,MetallicInk,
"PMS 8420",MetallicInkMix,MetallicInk,
"PMS 8421",MetallicInkMix,MetallicInk,
"PMS 8422",MetallicInkMix,MetallicInk,
"PMS 8423",MetallicInkMix,MetallicInk,
"PMS 8460",MetallicInkMix,MetallicInk,
"PMS 8461",MetallicInkMix,MetallicInk,
"PMS 8462",MetallicInkMix,MetallicInk,
"PMS 8463",MetallicInkMix,MetallicInk,
"PMS 8480",MetallicInkMix,MetallicInk,
"PMS 8481",MetallicInkMix,MetallicInk,
"PMS 8482",MetallicInkMix,MetallicInk,
"PMS 8483",MetallicInkMix,MetallicInk,
"PMS 8500",MetallicInkMix,MetallicInk,
"PMS 8501",MetallicInkMix,MetallicInk,
"PMS 8502",MetallicInkMix,MetallicInk,
"PMS 8503",MetallicInkMix,MetallicInk,
"PMS 8520",MetallicInkMix,MetallicInk,
"PMS 8521",MetallicInkMix,MetallicInk,
"PMS 8522",MetallicInkMix,MetallicInk,
"PMS 8523",MetallicInkMix,MetallicInk,
"PMS 8540",MetallicInkMix,MetallicInk,
"PMS 8541",MetallicInkMix,MetallicInk,
"PMS 8542",MetallicInkMix,MetallicInk,
"PMS 8543",MetallicInkMix,MetallicInk,
"PMS 8560",MetallicInkMix,MetallicInk,
"PMS 8561",MetallicInkMix,MetallicInk,
"PMS 8562",MetallicInkMix,MetallicInk,
"PMS 8563",MetallicInkMix,MetallicInk,
"PMS 8580",MetallicInkMix,MetallicInk,
"PMS 8581",MetallicInkMix,MetallicInk,
"PMS 8582",MetallicInkMix,MetallicInk,
"PMS 8583",MetallicInkMix,MetallicInk,
"PMS 8600",MetallicInkMix,MetallicInk,
"PMS 8601",MetallicInkMix,MetallicInk,
"PMS 8602",MetallicInkMix,MetallicInk,
"PMS 8603",MetallicInkMix,MetallicInk,
"PMS 8620",MetallicInkMix,MetallicInk,
"PMS 8621",MetallicInkMix,MetallicInk,
"PMS 8622",MetallicInkMix,MetallicInk,
"PMS 8623",MetallicInkMix,MetallicInk,
"PMS 8640",MetallicInkMix,MetallicInk,
"PMS 8641",MetallicInkMix,MetallicInk,
"PMS 8642",MetallicInkMix,MetallicInk,
"PMS 8643",MetallicInkMix,MetallicInk,
"PMS 8660",MetallicInkMix,MetallicInk,
"PMS 8661",MetallicInkMix,MetallicInk,
"PMS 8662",MetallicInkMix,MetallicInk,
"PMS 8663",MetallicInkMix,MetallicInk,
"PMS 8680",MetallicInkMix,MetallicInk,
"PMS 8681",MetallicInkMix,MetallicInk,
"PMS 8682",MetallicInkMix,MetallicInk,
"PMS 8683",MetallicInkMix,MetallicInk,
"PMS 8700",MetallicInkMix,MetallicInk,
"PMS 8701",MetallicInkMix,MetallicInk,
"PMS 8702",MetallicInkMix,MetallicInk,
"PMS 8703",MetallicInkMix,MetallicInk,
"PMS 8720",MetallicInkMix,MetallicInk,
"PMS 8721",MetallicInkMix,MetallicInk,
"PMS 8722",MetallicInkMix,MetallicInk,
"PMS 8723",MetallicInkMix,MetallicInk,
"PMS 8740",MetallicInkMix,MetallicInk,
"PMS 8741",MetallicInkMix,MetallicInk,
"PMS 8742",MetallicInkMix,MetallicInk,
"PMS 8743",MetallicInkMix,MetallicInk,
"PMS 8760",MetallicInkMix,MetallicInk,
"PMS 8761",MetallicInkMix,MetallicInk,
"PMS 8762",MetallicInkMix,MetallicInk,
"PMS 8763",MetallicInkMix,MetallicInk,
"PMS 8780",MetallicInkMix,MetallicInk,
"PMS 8781",MetallicInkMix,MetallicInk,
"PMS 8782",MetallicInkMix,MetallicInk,
"PMS 8783",MetallicInkMix,MetallicInk,
"PMS 8800",MetallicInkMix,MetallicInk,
"PMS 8801",MetallicInkMix,MetallicInk,
"PMS 8802",MetallicInkMix,MetallicInk,
"PMS 8803",MetallicInkMix,MetallicInk,
"PMS 8820",MetallicInkMix,MetallicInk,
"PMS 8821",MetallicInkMix,MetallicInk,
"PMS 8822",MetallicInkMix,MetallicInk,
"PMS 8823",MetallicInkMix,MetallicInk,
"PMS 8840",MetallicInkMix,MetallicInk,
"PMS 8841",MetallicInkMix,MetallicInk,
"PMS 8842",MetallicInkMix,MetallicInk,
"PMS 8843",MetallicInkMix,MetallicInk,
"PMS 8860",MetallicInkMix,MetallicInk,
"PMS 8861",MetallicInkMix,MetallicInk,
"PMS 8862",MetallicInkMix,MetallicInk,
"PMS 8863",MetallicInkMix,MetallicInk,
"PMS 8880",MetallicInkMix,MetallicInk,
"PMS 8881",MetallicInkMix,MetallicInk,
"PMS 8882",MetallicInkMix,MetallicInk,
"PMS 8883",MetallicInkMix,MetallicInk,
"PMS 8900",MetallicInkMix,MetallicInk,
"PMS 8901",MetallicInkMix,MetallicInk,
"PMS 8902",MetallicInkMix,MetallicInk,
"PMS 8903",MetallicInkMix,MetallicInk,
"PMS 8920",MetallicInkMix,MetallicInk,
"PMS 8921",MetallicInkMix,MetallicInk,
"PMS 8922",MetallicInkMix,MetallicInk,
"PMS 8923",MetallicInkMix,MetallicInk,
"PMS 8940",MetallicInkMix,MetallicInk,
"PMS 8941",MetallicInkMix,MetallicInk,
"PMS 8942",MetallicInkMix,MetallicInk,
"PMS 8943",MetallicInkMix,MetallicInk,
"PMS 8960",MetallicInkMix,MetallicInk,
"PMS 8961",MetallicInkMix,MetallicInk,
"PMS 8962",MetallicInkMix,MetallicInk,
"PMS 8963",MetallicInkMix,MetallicInk,
pms871,MetallicInkMix,MetallicInk,
pms872,MetallicInkMix,MetallicInk,
pms873,MetallicInkMix,MetallicInk,
pms874,MetallicInkMix,MetallicInk,
pms875,MetallicInkMix,MetallicInk,
pms876,MetallicInkMix,MetallicInk,
pms877,MetallicInkMix,MetallicInk,
pms8001,MetallicInkMix,MetallicInk,
pms8002,MetallicInkMix,MetallicInk,
pms8003,MetallicInkMix,MetallicInk,
pms8004,MetallicInkMix,MetallicInk,
pms8005,MetallicInkMix,MetallicInk,
pms8020,MetallicInkMix,MetallicInk,
pms8021,MetallicInkMix,MetallicInk,
pms8022,MetallicInkMix,MetallicInk,
pms8023,MetallicInkMix,MetallicInk,
pms8040,MetallicInkMix,MetallicInk,
pms8041,MetallicInkMix,MetallicInk,
pms8042,MetallicInkMix,MetallicInk,
pms8043,MetallicInkMix,MetallicInk,
pms8060,MetallicInkMix,MetallicInk,
pms8061,MetallicInkMix,MetallicInk,
pms8062,MetallicInkMix,MetallicInk,
pms8063,MetallicInkMix,MetallicInk,
pms8080,MetallicInkMix,MetallicInk,
pms8081,MetallicInkMix,MetallicInk,
pms8082,MetallicInkMix,MetallicInk,
pms8083,MetallicInkMix,MetallicInk,
pms8100,MetallicInkMix,MetallicInk,
pms8101,MetallicInkMix,MetallicInk,
pms8102,MetallicInkMix,MetallicInk,
pms8103,MetallicInkMix,MetallicInk,
pms8120,MetallicInkMix,MetallicInk,
pms8121,MetallicInkMix,MetallicInk,
pms8122,MetallicInkMix,MetallicInk,
pms8123,MetallicInkMix,MetallicInk,
pms8140,MetallicInkMix,MetallicInk,
pms8141,MetallicInkMix,MetallicInk,
pms8142,MetallicInkMix,MetallicInk,
pms8143,MetallicInkMix,MetallicInk,
pms8160,MetallicInkMix,MetallicInk,
pms8161,MetallicInkMix,MetallicInk,
pms8162,MetallicInkMix,MetallicInk,
pms8163,MetallicInkMix,MetallicInk,
pms8180,MetallicInkMix,MetallicInk,
pms8181,MetallicInkMix,MetallicInk,
pms8182,MetallicInkMix,MetallicInk,
pms8183,MetallicInkMix,MetallicInk,
pms8200,MetallicInkMix,MetallicInk,
pms8201,MetallicInkMix,MetallicInk,
pms8202,MetallicInkMix,MetallicInk,
pms8203,MetallicInkMix,MetallicInk,
pms8221,MetallicInkMix,MetallicInk,
pms8222,MetallicInkMix,MetallicInk,
pms8223,MetallicInkMix,MetallicInk,
pms8240,MetallicInkMix,MetallicInk,
pms8241,MetallicInkMix,MetallicInk,
pms8242,MetallicInkMix,MetallicInk,
pms8243,MetallicInkMix,MetallicInk,
pms8260,MetallicInkMix,MetallicInk,
pms8261,MetallicInkMix,MetallicInk,
pms8262,MetallicInkMix,MetallicInk,
pms8263,MetallicInkMix,MetallicInk,
pms8280,MetallicInkMix,MetallicInk,
pms8281,MetallicInkMix,MetallicInk,
pms8282,MetallicInkMix,MetallicInk,
pms8283,MetallicInkMix,MetallicInk,
pms8300,MetallicInkMix,MetallicInk,
pms8301,MetallicInkMix,MetallicInk,
pms8302,MetallicInkMix,MetallicInk,
pms8303,MetallicInkMix,MetallicInk,
pms8320,MetallicInkMix,MetallicInk,
pms8321,MetallicInkMix,MetallicInk,
pms8322,MetallicInkMix,MetallicInk,
pms8323,MetallicInkMix,MetallicInk,
pms8340,MetallicInkMix,MetallicInk,
pms8341,MetallicInkMix,MetallicInk,
pms8342,MetallicInkMix,MetallicInk,
pms8343,MetallicInkMix,MetallicInk,
pms8360,MetallicInkMix,MetallicInk,
pms8361,MetallicInkMix,MetallicInk,
pms8362,MetallicInkMix,MetallicInk,
pms8363,MetallicInkMix,MetallicInk,
pms8380,MetallicInkMix,MetallicInk,
pms8381,MetallicInkMix,MetallicInk,
pms8382,MetallicInkMix,MetallicInk,
pms8383,MetallicInkMix,MetallicInk,
pms8400,MetallicInkMix,MetallicInk,
pms8401,MetallicInkMix,MetallicInk,
pms8042,MetallicInkMix,MetallicInk,
pms8403,MetallicInkMix,MetallicInk,
pms8420,MetallicInkMix,MetallicInk,
pms8421,MetallicInkMix,MetallicInk,
pms8422,MetallicInkMix,MetallicInk,
pms8423,MetallicInkMix,MetallicInk,
pms8460,MetallicInkMix,MetallicInk,
pms8461,MetallicInkMix,MetallicInk,
pms8462,MetallicInkMix,MetallicInk,
pms8463,MetallicInkMix,MetallicInk,
pms8480,MetallicInkMix,MetallicInk,
pms8481,MetallicInkMix,MetallicInk,
pms8482,MetallicInkMix,MetallicInk,
pms8483,MetallicInkMix,MetallicInk,
pms8500,MetallicInkMix,MetallicInk,
pms8501,MetallicInkMix,MetallicInk,
pms8502,MetallicInkMix,MetallicInk,
pms8503,MetallicInkMix,MetallicInk,
pms8520,MetallicInkMix,MetallicInk,
pms8521,MetallicInkMix,MetallicInk,
pms8522,MetallicInkMix,MetallicInk,
pms8523,MetallicInkMix,MetallicInk,
pms8540,MetallicInkMix,MetallicInk,
pms8541,MetallicInkMix,MetallicInk,
pms8542,MetallicInkMix,MetallicInk,
pms8543,MetallicInkMix,MetallicInk,
pms8560,MetallicInkMix,MetallicInk,
pms8561,MetallicInkMix,MetallicInk,
pms8562,MetallicInkMix,MetallicInk,
pms8563,MetallicInkMix,MetallicInk,
pms8580,MetallicInkMix,MetallicInk,
pms8581,MetallicInkMix,MetallicInk,
pms8582,MetallicInkMix,MetallicInk,
pms8583,MetallicInkMix,MetallicInk,
pms8600,MetallicInkMix,MetallicInk,
pms8601,MetallicInkMix,MetallicInk,
pms8602,MetallicInkMix,MetallicInk,
pms8603,MetallicInkMix,MetallicInk,
pms8620,MetallicInkMix,MetallicInk,
pms8621,MetallicInkMix,MetallicInk,
pms8622,MetallicInkMix,MetallicInk,
pms8623,MetallicInkMix,MetallicInk,
pms8640,MetallicInkMix,MetallicInk,
pms8641,MetallicInkMix,MetallicInk,
pms8642,MetallicInkMix,MetallicInk,
pms8643,MetallicInkMix,MetallicInk,
pms8660,MetallicInkMix,MetallicInk,
pms8661,MetallicInkMix,MetallicInk,
pms8662,MetallicInkMix,MetallicInk,
pms8663,MetallicInkMix,MetallicInk,
pms8680,MetallicInkMix,MetallicInk,
pms8681,MetallicInkMix,MetallicInk,
pms8682,MetallicInkMix,MetallicInk,
pms8683,MetallicInkMix,MetallicInk,
pms8700,MetallicInkMix,MetallicInk,
pms8701,MetallicInkMix,MetallicInk,
pms8702,MetallicInkMix,MetallicInk,
pms8703,MetallicInkMix,MetallicInk,
pms8720,MetallicInkMix,MetallicInk,
pms8721,MetallicInkMix,MetallicInk,
pms8722,MetallicInkMix,MetallicInk,
pms8723,MetallicInkMix,MetallicInk,
pms8740,MetallicInkMix,MetallicInk,
pms8741,MetallicInkMix,MetallicInk,
pms8742,MetallicInkMix,MetallicInk,
pms8743,MetallicInkMix,MetallicInk,
pms8760,MetallicInkMix,MetallicInk,
pms8761,MetallicInkMix,MetallicInk,
pms8762,MetallicInkMix,MetallicInk,
pms8763,MetallicInkMix,MetallicInk,
pms8780,MetallicInkMix,MetallicInk,
pms8781,MetallicInkMix,MetallicInk,
pms8782,MetallicInkMix,MetallicInk,
pms8783,MetallicInkMix,MetallicInk,
pms8800,MetallicInkMix,MetallicInk,
pms8801,MetallicInkMix,MetallicInk,
pms8802,MetallicInkMix,MetallicInk,
pms8803,MetallicInkMix,MetallicInk,
pms8820,MetallicInkMix,MetallicInk,
pms8821,MetallicInkMix,MetallicInk,
pms8822,MetallicInkMix,MetallicInk,
pms8823,MetallicInkMix,MetallicInk,
pms8840,MetallicInkMix,MetallicInk,
pms8841,MetallicInkMix,MetallicInk,
pms8842,MetallicInkMix,MetallicInk,
pms8843,MetallicInkMix,MetallicInk,
pms8860,MetallicInkMix,MetallicInk,
pms8861,MetallicInkMix,MetallicInk,
pms8862,MetallicInkMix,MetallicInk,
pms8863,MetallicInkMix,MetallicInk,
pms8880,MetallicInkMix,MetallicInk,
pms8881,MetallicInkMix,MetallicInk,
pms8882,MetallicInkMix,MetallicInk,
pms8883,MetallicInkMix,MetallicInk,
pms8900,MetallicInkMix,MetallicInk,
pms8901,MetallicInkMix,MetallicInk,
pms8902,MetallicInkMix,MetallicInk,
pms8903,MetallicInkMix,MetallicInk,
pms8920,MetallicInkMix,MetallicInk,
pms8921,MetallicInkMix,MetallicInk,
pms8922,MetallicInkMix,MetallicInk,
pms8923,MetallicInkMix,MetallicInk,
pms8940,MetallicInkMix,MetallicInk,
pms8941,MetallicInkMix,MetallicInk,
pms8942,MetallicInkMix,MetallicInk,
pms8943,MetallicInkMix,MetallicInk,
pms8960,MetallicInkMix,MetallicInk,
pms8961,MetallicInkMix,MetallicInk,
pms8962,MetallicInkMix,MetallicInk,
pms8963,MetallicInkMix,MetallicInk,
"pms 871",MetallicInkMix,MetallicInk,
"pms 872",MetallicInkMix,MetallicInk,
"pms 873",MetallicInkMix,MetallicInk,
"pms 874",MetallicInkMix,MetallicInk,
"pms 875",MetallicInkMix,MetallicInk,
"pms 876",MetallicInkMix,MetallicInk,
"pms 877",MetallicInkMix,MetallicInk,
"pms 8001",MetallicInkMix,MetallicInk,
"pms 8002",MetallicInkMix,MetallicInk,
"pms 8003",MetallicInkMix,MetallicInk,
"pms 8004",MetallicInkMix,MetallicInk,
"pms 8005",MetallicInkMix,MetallicInk,
"pms 8020",MetallicInkMix,MetallicInk,
"pms 8021",MetallicInkMix,MetallicInk,
"pms 8022",MetallicInkMix,MetallicInk,
"pms 8023",MetallicInkMix,MetallicInk,
"pms 8040",MetallicInkMix,MetallicInk,
"pms 8041",MetallicInkMix,MetallicInk,
"pms 8042",MetallicInkMix,MetallicInk,
"pms 8043",MetallicInkMix,MetallicInk,
"pms 8060",MetallicInkMix,MetallicInk,
"pms 8061",MetallicInkMix,MetallicInk,
"pms 8062",MetallicInkMix,MetallicInk,
"pms 8063",MetallicInkMix,MetallicInk,
"pms 8080",MetallicInkMix,MetallicInk,
"pms 8081",MetallicInkMix,MetallicInk,
"pms 8082",MetallicInkMix,MetallicInk,
"pms 8083",MetallicInkMix,MetallicInk,
"pms 8100",MetallicInkMix,MetallicInk,
"pms 8101",MetallicInkMix,MetallicInk,
"pms 8102",MetallicInkMix,MetallicInk,
"pms 8103",MetallicInkMix,MetallicInk,
"pms 8120",MetallicInkMix,MetallicInk,
"pms 8121",MetallicInkMix,MetallicInk,
"pms 8122",MetallicInkMix,MetallicInk,
"pms 8123",MetallicInkMix,MetallicInk,
"pms 8140",MetallicInkMix,MetallicInk,
"pms 8141",MetallicInkMix,MetallicInk,
"pms 8142",MetallicInkMix,MetallicInk,
"pms 8143",MetallicInkMix,MetallicInk,
"pms 8160",MetallicInkMix,MetallicInk,
"pms 8161",MetallicInkMix,MetallicInk,
"pms 8162",MetallicInkMix,MetallicInk,
"pms 8163",MetallicInkMix,MetallicInk,
"pms 8180",MetallicInkMix,MetallicInk,
"pms 8181",MetallicInkMix,MetallicInk,
"pms 8182",MetallicInkMix,MetallicInk,
"pms 8183",MetallicInkMix,MetallicInk,
"pms 8200",MetallicInkMix,MetallicInk,
"pms 8201",MetallicInkMix,MetallicInk,
"pms 8202",MetallicInkMix,MetallicInk,
"pms 8203",MetallicInkMix,MetallicInk,
"pms 8221",MetallicInkMix,MetallicInk,
"pms 8222",MetallicInkMix,MetallicInk,
"pms 8223",MetallicInkMix,MetallicInk,
"pms 8240",MetallicInkMix,MetallicInk,
"pms 8241",MetallicInkMix,MetallicInk,
"pms 8242",MetallicInkMix,MetallicInk,
"pms 8243",MetallicInkMix,MetallicInk,
"pms 8260",MetallicInkMix,MetallicInk,
"pms 8261",MetallicInkMix,MetallicInk,
"pms 8262",MetallicInkMix,MetallicInk,
"pms 8263",MetallicInkMix,MetallicInk,
"pms 8280",MetallicInkMix,MetallicInk,
"pms 8281",MetallicInkMix,MetallicInk,
"pms 8282",MetallicInkMix,MetallicInk,
"pms 8283",MetallicInkMix,MetallicInk,
"pms 8300",MetallicInkMix,MetallicInk,
"pms 8301",MetallicInkMix,MetallicInk,
"pms 8302",MetallicInkMix,MetallicInk,
"pms 8303",MetallicInkMix,MetallicInk,
"pms 8320",MetallicInkMix,MetallicInk,
"pms 8321",MetallicInkMix,MetallicInk,
"pms 8322",MetallicInkMix,MetallicInk,
"pms 8323",MetallicInkMix,MetallicInk,
"pms 8340",MetallicInkMix,MetallicInk,
"pms 8341",MetallicInkMix,MetallicInk,
"pms 8342",MetallicInkMix,MetallicInk,
"pms 8343",MetallicInkMix,MetallicInk,
"pms 8360",MetallicInkMix,MetallicInk,
"pms 8361",MetallicInkMix,MetallicInk,
"pms 8362",MetallicInkMix,MetallicInk,
"pms 8363",MetallicInkMix,MetallicInk,
"pms 8380",MetallicInkMix,MetallicInk,
"pms 8381",MetallicInkMix,MetallicInk,
"pms 8382",MetallicInkMix,MetallicInk,
"pms 8383",MetallicInkMix,MetallicInk,
"pms 8400",MetallicInkMix,MetallicInk,
"pms 8401",MetallicInkMix,MetallicInk,
"pms 8042",MetallicInkMix,MetallicInk,
"pms 8403",MetallicInkMix,MetallicInk,
"pms 8420",MetallicInkMix,MetallicInk,
"pms 8421",MetallicInkMix,MetallicInk,
"pms 8422",MetallicInkMix,MetallicInk,
"pms 8423",MetallicInkMix,MetallicInk,
"pms 8460",MetallicInkMix,MetallicInk,
"pms 8461",MetallicInkMix,MetallicInk,
"pms 8462",MetallicInkMix,MetallicInk,
"pms 8463",MetallicInkMix,MetallicInk,
"pms 8480",MetallicInkMix,MetallicInk,
"pms 8481",MetallicInkMix,MetallicInk,
"pms 8482",MetallicInkMix,MetallicInk,
"pms 8483",MetallicInkMix,MetallicInk,
"pms 8500",MetallicInkMix,MetallicInk,
"pms 8501",MetallicInkMix,MetallicInk,
"pms 8502",MetallicInkMix,MetallicInk,
"pms 8503",MetallicInkMix,MetallicInk,
"pms 8520",MetallicInkMix,MetallicInk,
"pms 8521",MetallicInkMix,MetallicInk,
"pms 8522",MetallicInkMix,MetallicInk,
"pms 8523",MetallicInkMix,MetallicInk,
"pms 8540",MetallicInkMix,MetallicInk,
"pms 8541",MetallicInkMix,MetallicInk,
"pms 8542",MetallicInkMix,MetallicInk,
"pms 8543",MetallicInkMix,MetallicInk,
"pms 8560",MetallicInkMix,MetallicInk,
"pms 8561",MetallicInkMix,MetallicInk,
"pms 8562",MetallicInkMix,MetallicInk,
"pms 8563",MetallicInkMix,MetallicInk,
"pms 8580",MetallicInkMix,MetallicInk,
"pms 8581",MetallicInkMix,MetallicInk,
"pms 8582",MetallicInkMix,MetallicInk,
"pms 8583",MetallicInkMix,MetallicInk,
"pms 8600",MetallicInkMix,MetallicInk,
"pms 8601",MetallicInkMix,MetallicInk,
"pms 8602",MetallicInkMix,MetallicInk,
"pms 8603",MetallicInkMix,MetallicInk,
"pms 8620",MetallicInkMix,MetallicInk,
"pms 8621",MetallicInkMix,MetallicInk,
"pms 8622",MetallicInkMix,MetallicInk,
"pms 8623",MetallicInkMix,MetallicInk,
"pms 8640",MetallicInkMix,MetallicInk,
"pms 8641",MetallicInkMix,MetallicInk,
"pms 8642",MetallicInkMix,MetallicInk,
"pms 8643",MetallicInkMix,MetallicInk,
"pms 8660",MetallicInkMix,MetallicInk,
"pms 8661",MetallicInkMix,MetallicInk,
"pms 8662",MetallicInkMix,MetallicInk,
"pms 8663",MetallicInkMix,MetallicInk,
"pms 8680",MetallicInkMix,MetallicInk,
"pms 8681",MetallicInkMix,MetallicInk,
"pms 8682",MetallicInkMix,MetallicInk,
"pms 8683",MetallicInkMix,MetallicInk,
"pms 8700",MetallicInkMix,MetallicInk,
"pms 8701",MetallicInkMix,MetallicInk,
"pms 8702",MetallicInkMix,MetallicInk,
"pms 8703",MetallicInkMix,MetallicInk,
"pms 8720",MetallicInkMix,MetallicInk,
"pms 8721",MetallicInkMix,MetallicInk,
"pms 8722",MetallicInkMix,MetallicInk,
"pms 8723",MetallicInkMix,MetallicInk,
"pms 8740",MetallicInkMix,MetallicInk,
"pms 8741",MetallicInkMix,MetallicInk,
"pms 8742",MetallicInkMix,MetallicInk,
"pms 8743",MetallicInkMix,MetallicInk,
"pms 8760",MetallicInkMix,MetallicInk,
"pms 8761",MetallicInkMix,MetallicInk,
"pms 8762",MetallicInkMix,MetallicInk,
"pms 8763",MetallicInkMix,MetallicInk,
"pms 8780",MetallicInkMix,MetallicInk,
"pms 8781",MetallicInkMix,MetallicInk,
"pms 8782",MetallicInkMix,MetallicInk,
"pms 8783",MetallicInkMix,MetallicInk,
"pms 8800",MetallicInkMix,MetallicInk,
"pms 8801",MetallicInkMix,MetallicInk,
"pms 8802",MetallicInkMix,MetallicInk,
"pms 8803",MetallicInkMix,MetallicInk,
"pms 8820",MetallicInkMix,MetallicInk,
"pms 8821",MetallicInkMix,MetallicInk,
"pms 8822",MetallicInkMix,MetallicInk,
"pms 8823",MetallicInkMix,MetallicInk,
"pms 8840",MetallicInkMix,MetallicInk,
"pms 8841",MetallicInkMix,MetallicInk,
"pms 8842",MetallicInkMix,MetallicInk,
"pms 8843",MetallicInkMix,MetallicInk,
"pms 8860",MetallicInkMix,MetallicInk,
"pms 8861",MetallicInkMix,MetallicInk,
"pms 8862",MetallicInkMix,MetallicInk,
"pms 8863",MetallicInkMix,MetallicInk,
"pms 8880",MetallicInkMix,MetallicInk,
"pms 8881",MetallicInkMix,MetallicInk,
"pms 8882",MetallicInkMix,MetallicInk,
"pms 8883",MetallicInkMix,MetallicInk,
"pms 8900",MetallicInkMix,MetallicInk,
"pms 8901",MetallicInkMix,MetallicInk,
"pms 8902",MetallicInkMix,MetallicInk,
"pms 8903",MetallicInkMix,MetallicInk,
"pms 8920",MetallicInkMix,MetallicInk,
"pms 8921",MetallicInkMix,MetallicInk,
"pms 8922",MetallicInkMix,MetallicInk,
"pms 8923",MetallicInkMix,MetallicInk,
"pms 8940",MetallicInkMix,MetallicInk,
"pms 8941",MetallicInkMix,MetallicInk,
"pms 8942",MetallicInkMix,MetallicInk,
"pms 8943",MetallicInkMix,MetallicInk,
"pms 8960",MetallicInkMix,MetallicInk,
"pms 8961",MetallicInkMix,MetallicInk,
"pms 8962",MetallicInkMix,MetallicInk,
"pms 8963",MetallicInkMix,MetallicInk,
2X808,2XPMS,PMSInk,
2X809,2XPMS,PMSInk,
2X810,2XPMS,PMSInk,
2X811,2XPMS,PMSInk,
2X812,2XPMS,PMSInk,
2X813,2XPMS,PMSInk,
2X814,2XPMS,PMSInk,
PMS2X808,2XPMS,PMSInk,
PMS2X809,2XPMS,PMSInk,
PMS2X810,2XPMS,PMSInk,
PMS2X811,2XPMS,PMSInk,
PMS2X812,2XPMS,PMSInk,
PMS2X813,2XPMS,PMSInk,
PMS2X814,2XPMS,PMSInk,
"PMS 2X808",2XPMS,PMSInk,
"PMS 2X809",2XPMS,PMSInk,
"PMS 2X810",2XPMS,PMSInk,
"PMS 2X811",2XPMS,PMSInk,
"PMS 2X812",2XPMS,PMSInk,
"PMS 2X813",2XPMS,PMSInk,
"PMS 2X814",2XPMS,PMSInk,
pms2X808,2XPMS,PMSInk,
pms2X809,2XPMS,PMSInk,
pms2X810,2XPMS,PMSInk,
pms2X811,2XPMS,PMSInk,
pms2X812,2XPMS,PMSInk,
pms2X813,2XPMS,PMSInk,
pms2X814,2XPMS,PMSInk,
"pms 2X808",2XPMS,PMSInk,
"pms 2X809",2XPMS,PMSInk,
"pms 2X810",2XPMS,PMSInk,
"pms 2X811",2XPMS,PMSInk,
"pms 2X812",2XPMS,PMSInk,
"pms 2X813",2XPMS,PMSInk,
"pms 2X814",2XPMS,PMSInk,
