id,Category,SubCategory,Item Name, Description , Details ,Part Number,Vendor,Minimum Qty,increments,Maximum Qty,Weight,notes,mediawideid,project id,active,expiry,group options,Product Group,units
1,Janitorial,Cleaning Supplies,CLEANER GLASS PRO-CON BLUE, Reflect Glass Cleaner *12 CS , Reflect Glass Cleaner *12 CS ,147REFLECTQT,1,1,1,50000,1, Noble Chemical ,,,N,,,,.5 GAL
2,Janitorial,Cleaning Supplies,CLEANER DEGREASER PRO-CON RED,CLEANER DEGREASER PRO-CON RED,CLEANER DEGREASER PRO-CON RED,,1,1,1,50000,1,INTERCON,,,N,,,,.5 GAL
3,Janitorial,Cleaning Supplies,CLEANER FLOOR PRO-CON SHOCK REDUCE SLIP,CLEANER FLOOR PRO-CON SHOCK REDUCE SLIP,CLEANER FLOOR PRO-CON SHOCK REDUCE SLIP,,1,1,1,50000,1,INTERCON,,,N,,,,.5 GAL
4,Janitorial,Cleaning Supplies,DETERGENT POT & PAN PREMIUM SUNRISE,DETERGENT POT & PAN PREMIUM SUNRISE,DETERGENT POT & PAN PREMIUM SUNRISE,,1,1,1,50000,1,INTERCON,,,N,,,,1 GAL
5,Janitorial,Cleaning Supplies,PRE-SOAK LIQUID ULTRA SOAK SILVERWARE,PRE-SOAK LIQUID ULTRA SOAK SILVERWARE,PRE-SOAK LIQUID ULTRA SOAK SILVERWARE,,1,1,1,50000,1,INTERCON,,,N,,,,1 GAL
6,Janitorial,Cleaning Supplies,SANITIZER LOW TEMP OPTI-PAK,SANITIZER LOW TEMP OPTI-PAK,SANITIZER LOW TEMP OPTI-PAK,,1,1,1,50000,1,INTERCON,,,N,,,,1 GAL
7,Janitorial,Cleaning Supplies,SANITIZER NO RINSE OPTI-PAK THIRD SINK,SANITIZER NO RINSE OPTI-PAK THIRD SINK,SANITIZER NO RINSE OPTI-PAK THIRD SINK,,1,1,1,50000,1,INTERCON,,,N,,,,1 GAL
8,Janitorial,Cleaning Supplies,DETERGENT OPTI-PAK DISHMACHINE,DETERGENT OPTI-PAK DISHMACHINE,DETERGENT OPTI-PAK DISHMACHINE,,1,1,1,50000,1,INTERCON,,,N,,,,1 GAL
9,Janitorial,Cleaning Supplies,RINSE AID OPTI-PAK DISH MACHINE,RINSE AID OPTI-PAK DISH MACHINE,RINSE AID OPTI-PAK DISH MACHINE,,1,1,1,50000,1,INTERCON,,,N,,,,1 GAL
10,Janitorial,Cleaning Supplies,BLEACH GERMICIDAL CONCENTRATED,BLEACH GERMICIDAL CONCENTRATED,BLEACH GERMICIDAL CONCENTRATED,,1,1,1,50000,1,CLOROX,,,N,,,,121 OZ
11,Janitorial,Cleaning Supplies,CLEANER ALL PURPOSE LAVENDER,CLEANER ALL PURPOSE LAVENDER,CLEANER ALL PURPOSE LAVENDER,,1,1,1,50000,1,PINE-SOL,,,N,,,,144 OZ
12,Janitorial,Cleaning Supplies,SOAP FOAM HAND/BODY LUXURY AEROROSE, Foaming Luxury Hand Soap  950 mL *8 CS , Foaming Luxury Hand Soap  950 mL *8 CS ,52569078,1,1,1,50000,1, Kutol ,,,N,,,,1000 ML
13,Janitorial,Cleaning Supplies,SOAP ANTIMICROBIAL FOAM AEROGREEN 1250ML,SOAP ANTIMICROBIAL FOAM AEROGREEN*1250ML*,SOAP ANTIMICROBIAL FOAM AEROGREEN*1250ML*,,1,1,1,50000,1,INTERCON,,,N,,,,1000 ML
14,Janitorial,Cleaning Supplies,SANITIZER HAND INSTANT FOAM, Foaming Instant Hand Sanitizer  950 mL *8 CS , Foaming Instant Hand Sanitizer  950 mL *8 CS ,52568278,1,1,1,50000,1, Kutol ,,,N,,,,1000 ML
15,Disposables,Drinkware,STRAW  JUMBO CLEAR WRAPPED," Choice 7.75"" Wrapped Jumbo Straw *2000 CS "," Each Choice jumbo clear straw measures 7 3/4"" long and 0.219"" in diameter and is individually wrapped, so you can rest assured that you're providing your customers with a safe, sanitary straw option ",485WJ7TN2,1,1,1,50000,8, Choice ,,,Y,,,,500 CT
16,POS/Register,Paper,"TAPE REGISTER 3 1/8"" 1 PLY THERMAL"," 3.125""x230' Thermal POS Register Roll Tape "," Perfect for your restaurant, diner, snack bar, or concession stand, this thermal register roll tape will produce high-quality printed receipts for your customers! This paper is great for printing easy-to-read sales  ",105RR13040,1,1,1,50000,15, WSR ,,,Y,,,,230 FT
17,Kitchen,Food Wrap,"FOIL 18""X1000' HEAVY DUTY"," Choice 18""x1000' Food Service Heavy-Duty Aluminum Foil Roll ","This foil comes in a 1000' long roll, allowing you to choose the exact amount of foil needed for your task, reducing overall waste. Packaged in a convenient cutter-box dispenser, this foil is perfect for commercial kitchen use.",12218X1HD,1,1,1,50000,3, Choice ,,,Y,,,,ROLL
18,Kitchen,Food Wrap,"FILM 18""X 2000'"," AEP 18""x2000' Heavy Duty Flim with ZipSafe Slide Cutter "," AEP 18""x2000' Heavy Duty Flim with ZipSafe Slide Cutter ",18218X2HD,1,1,1,50000,2, AEP ,,,Y,,,,ROLL
19,Kitchen,Food Wrap,WRAP PAPER 12X12 RED CHECK G/R," Choice 12""x12"" Red Checkered Wrap Paper *1000 PK "," Choice 12""x12"" Red Checkered Wrap Paper *1000 PK ",999398,1,1,1,50000,12, Choice ,,,Y,,,,1000 CT
20,Disposables,Paper,NAPKIN 8.5X13 1/4 FOLD WHITE XP, Multifold Heavy Duty Paper Towel *4000 CS , Multifold Heavy Duty Paper Towel *4000 CS ,966MB550A,1,1,1,50000,10, Tork Advanced ,,,Y,,,,500 CT
21,Janitorial,Rest Room,TISSUE TOILET 2 PLY, Lavex Individually Wrapped 2-Ply Standard 500 Sheet Toilet Paper Roll , Lavex Individually Wrapped 2-Ply Standard 500 Sheet Toilet Paper Roll These individually-wrapped toilet paper rolls enable you to stock-up on extra rolls and conveniently store them in restroom stalls or on countertops.  ,5002TP3X496E,1,1,1,50000,11, Lavex ,,,Y,,,,500 CT
22,Janitorial,Rest Room,SEAT COVER HALF FOLD 14.5X17, Half Fold Paper Toilet Seat Cover ," These half fold paper toilet seat covers are an eco-friendly, disposable, and sanitary way to offer convenience and comfort anywhere away from home. 
 ",611P8362,1,1,1,50000,2, WSR ,,,Y,,,,250 CT
23,Janitorial,Rest Room,TOWEL MULTIFOLD 9.5X9.125 WHITE, Tork Advanced Multifold White Heavy Duty Towel , Tork Advanced Multifold White Heavy Duty Towel ,966MB550A,1,1,1,50000,13, Tork ,,,Y,,,,150 CT
24,Janitorial,Rest Room,"TOWEL ROLL 7.75"" WHITE 2 PLY ", 2-Ply Center Pull Paper Towel 600' *6 CS , 2-Ply Center Pull Paper Towel 600' *6 CS ,5002CPT,1,1,1,50000,15, Merfin ,,,Y,,,,525 FT
25,Kitchen,Food Wrap,PAPER PATTY DRY WAX," 5.5""x5.5"" Patty Wax Paper * 1000 BX, 24 BX/CS ","  Made of standard weight waxed paper, this patty paper allows you to interleave individual sheets between hamburger patties, fresh meats, cheeses, and more! Or use it for picking up food items to keep the product sanitary and uncontaminated.  ",433PP5555,1,1,1,50000,16, Durable Packaging ,,,Y,,,,1000 CT
26,Kitchen,Containers,CONTAINER PLASTIC 9X9X3 ," 9""x9""x3"" Compostable Take Out Container *200 CS ","  Excellent substitute for non-environmentally friendly products, such as foam or plastic. It provides convenience, portability, and quality. ",760HC9SC,1,1,1,50000,5, Dart Solo ,,,Y,,,,120 CT
27,Janitorial,Waste,LINER CAN 40X46 ," 45 Gallon Trash Bag 1.5 Mil 40""x46"" Low Density 100/CS ","  Low density garbage bags are more stretchable and give more easily than high density bags, because they are made from resins that are highly resistant to puncturing and tearing.  ",5014046,1,1,1,50000,30, Li'l Herc ,,,Y,,,,10 CT
28,Kitchen,Containers,BAG T-SHIRT 11.5X6.5X21.5 1/6 BRL, 1/6 White T-Shirt Bag *1000 CS , The high-density polyethylene is 0.492 mil thick and resists rips and tears to keep items from breaking through the material and falling out of the bag.  ,433NHT001,1,1,1,50000,12, WSR ,,,Y,,,,1000 CT
29,Disposables,Drinkware,CUP PAPER 22 OZ COLD COKE , 21 oz Paper Cup Coke Print *1000 CS ," This 21 oz. Coca-Cola paper cup is designed specifically for serving ice cold beverages at your concession stand, sandwich shop, or take out restaurant.
 ",760RSP1CB,1,1,1,50000,9, Dart Solo ,,,Y,,,,1200 CT
30,Disposables,Drinkware,LID PLASTIC STRAW SLOT ," Natural Plastic Lid with Straw Slot 12,16,21,22,24 oz. *1000 CS "," Provide a secure and versatile covering for your customer's drink with this natural plastic lid with straw slot for 12, 16, 21, 22, and 24 oz. cups!  ",760668NAT,1,1,1,50000,9, WSR ,,,Y,,,,1200 CT
31,Disposables,Containers,CUP PLASTIC SOUFFLE 2 OZ , 2 oz. Black Polystyrene Souffle Cup/Portion Cup *2500 CS ," Help control portion size and costs thanks to these Choice 2 oz. black polystyrene souffle/portion cups! This black polystyrene cup is great for salad dressings, condiments, sauces, samples, and more. ",127P200B,1,1,1,50000,10, Choice ,,,Y,,,,200 CT
32,Disposables,Containers,LID PLASTIC SOUFFLE 1.5-2.5 OZ , Polystyrene Lid for 2 oz. Souffle/Portion Cup *2500 CS ," The perfect companion to your Choice 2 oz. polystyrene souffle / portion cups, these clear lids keep each cup's contents securely contained to reduce spills! ",127PL200,1,1,1,50000,7, Choice ,,,Y,,,,100 CT
33,Kitchen,Containers,BOX PIZZA 12X12 WHITE/KRAFT HOT BOX," NO LOGO, GENERIC 12"" Pizza Box *50 CT "," NO LOGO, GENERIC 12"" Pizza Box *50 CT ",,1,1,1,50000,1,,,,Y,,,,50 CT
34,Kitchen,Utencils,KNIFE PLASTIC XHVY WGT, Heavy Weight Beige Plastic Knife *1000 CS ," Made of durable polystyrene, these virtually shatterproof disposable knives are strong enough to last through your meal service, and can be easily disposed of, making cleanup a breeze ",130HKBG1M,1,1,1,50000,10, Visions ,,,Y,,,,1000 CT
35,Kitchen,Utencils,TEASPOON PLASTIC XHVY, Heavy Weight Beige Plastic Teaspoon *1000 CS ,"  Made of durable polystyrene, these virtually shatterproof disposable teaspoons are strong enough to last through your meal service, and can be easily disposed of, making cleanup a breeze.  ",130HSBG1M,1,1,1,50000,10, Visions ,,,Y,,,,100 CT
36,Facility,Safety,KIT FIRST AID 173 PIECES, 188 Pcs. First Aid Kit , 188 Pcs. First Aid Kit ,577807P50P,1,1,1,50000,1, Medi First ,,,Y,,,,EACH
37,Facility,Safety,GLOVE VINYL LARGE POWDER FREE, Large Powder Freee Disposable Vinyl Gloves *1000 CS ," These non-sterile, multi-purpose gloves offer a consistent fit, with the flexibility and resilience that your establishment depends on. ",394365L,1,1,1,50000,20, Noble Products ,,,Y,,,,100 CT
38,Kitchen,Accessories,TOOTHPICK ROUND ," Round Wooden Toothpicks *800 BX, 24 BX/CS "," Made of all white birch, these toothpicks are incredibly solid, smooth, and burr free; and they are less likely to splinter during use.these plain toothpicks are sure to meet the needs of every customer  ",485R820,1,1,1,50000,5, Royal ,,,Y,,,,800 CT
39,Kitchen,Utencils,FORK DINNER REGENCY , Stainless Steel Dinner Fork *12 PK ," Constructed of extra heavy weight 18/8 stainless steel, this dinner fork also boasts a bright mirror polish, attractive rounded rimmed handle and four tines design. T ",303RE105,1,1,1,50000,3, Regency Flatware ,,,Y,,,,12 CT
40,Kitchen,Utencils,KNIFE DINNER REGENCY , Stainless Steel Dinner Knife *12 PK ,"  Constructed of extra heavy weight 18/8 stainless steel, this dinner knife also boasts a bright mirror polish and attractive rounded rimmed design. ",303RE108,1,1,1,50000,3, Regency Flatware ,,,Y,,,,12 CT
41,Kitchen,Drinkware,GLASS ROCKS 12 OZ , Gibraltar 12 oz. Double Rocks Glasses , Gibraltar 12 oz. Double Rocks Glasses ,55115243,1,1,1,50000,18, Libbey ,,,Y,,,,36 CT
42,Kitchen,Drinkware,TUMBLER CLEAR 16 OZ PLASTIC, Colorware 16.4 oz. Clear Plastic Tumbler *24 CS , Colorware 16.4 oz. Clear Plastic Tumbler *24 CS ,2141600P2CL,1,1,1,50000,1, Cambro ,,,Y,,,,24 CT
43,Kitchen,Miscellaneous,RACK DISH PLATE/BOWLS 5X9 PEG GREY FULL, Soft Gray 5x9 Camrack Peg Rack with 1 Extender (*Min Order 5) , Soft Gray 5x9 Camrack Peg Rack with 1 Extender (*Min Order 5) ,214PR59500GY,1,1,1,50000,1, Cambro ,,,Y,,,,EACH
44,Kitchen,Containers,SHAKER 6 OZ CHEESE , 6 oz. Lexan Swirl Cheese/Red Pepper Shaker , 6 oz. Lexan Swirl Cheese/Red Pepper Shaker ,124LX306,1,1,1,50000,1, American Metalcraft ,,,Y,,,,EACH
45,Kitchen,Miscellaneous,"KNIFE COOKS 8"" SOFGRIP WHITE"," V-Lo 8"" Chef Knife "," V-Lo 8"" Chef Knife ",21029243,1,1,1,50000,1, Dexter Russell ,,,Y,,,,EACH
46,Kitchen,Miscellaneous,"KNIFE COOKS 10"" SOFGRIP WHITE"," V-Lo 10"" Chef Knife "," V-Lo 10"" Chef Knife ",21029253,1,1,1,50000,1, Dexter Russell ,,,Y,,,,EACH
47,Kitchen,Miscellaneous,"KNIFE PARING 3.25"" SOFGRIP WHITE"," V-Lo 3.5"" Paring Knife "," V-Lo 3.5"" Paring Knife ",21029473,1,1,1,50000,1, Dexter Russell ,,,Y,,,,EACH
48,Kitchen,Miscellaneous,SHARPENER KNIFE HAND HELD , Professional Carbide Hand Held Knife Sharpener ," Made with industrial-strength tungsten carbide steel blades, this sharpener allows you to sharpen blunt knife blades quickly and with precision. Plus, the ChefMaster knife sharpener's blades are reversible for double the lifetime of the unit ",80890015GDCM,1,1,1,50000,1, Chef Master ,,,Y,,,,EACH
49,Kitchen,Miscellaneous,"TONG 9-1/2"" UTILITY HEAVY DUTY "," 10"" Heavy Duty Stainless Utility Tong "," 10"" Heavy Duty Stainless Utility Tong ",92247309,1,1,1,50000,1, WSR ,,,Y,,,,EACH
50,Kitchen,Miscellaneous,"WHIP WIRE 12"" LIGHT GAUGE"," 12"" Jacob's Pride Nylon Handle Whip "," 12"" Jacob's Pride Nylon Handle Whip ",92247091,1,1,1,50000,1, Vollrath ,,,Y,,,,EACH
51,Kitchen,Miscellaneous,"WHIP WIRE 48"" "," Chef Series 48"" French Stainless Whip "," Chef Series 48"" French Stainless Whip ",27140682,1,1,1,50000,1, Carlisle ,,,Y,,,,EACH
52,Kitchen,Miscellaneous,THERMOMETER , TruTemp Refrigerator/Freezer Dial Thermometer ," This Taylor Precision 3507 dial thermometer hangs or stands and features easy-to-read, bold numbers and a dual scale.  This Taylor thermometer is NSF Listed and it has a temperature range of -20 degrees Fahrenheit to 80 degrees Fahrenheit.
 ",913RFT2K,1,1,1,50000,1, Taylor ,,,Y,,,,EACH
53,Kitchen,Miscellaneous,BOTTLE SQUEEZE 24 OZ , 24 oz. Clear Wide Mouth Squeeze Bottle 6/PK (MUST order in PK/6) ," With an easy-to-use squeeze design, this squeeze bottle is great for customers to serve themselves condiments, sauces, or toppings at your restaurant, deli, or concession stand. ",80812463C CL,1,1,1,50000,3, WSR ,,,Y,,,,EACH
54,Miscellaneous,Miscellaneous,"BRUSH PIZZA OVEN BRASS W/SCRAPER 40""HNDL"," 40"" Pizza Oven Brush with Scraper "," 40"" Pizza Oven Brush with Scraper ",47290041,1,1,1,50000,3, Chefmaster ,,,Y,,,,EACH
55,Miscellaneous,Miscellaneous,BOX PIZZA DOUGH ," White Polypropylene Pizza Dough Proofing Box 18""x26""x3"" "," This polypropylene pizza dough box is lightweight, durable, and break resistant and its chemical resistant material won't absorb odors. Dishwasher safe and NSF Listed. ",214DB18263P,1,1,1,50000,2, Cambro ,,,Y,,,,EACH
56,Miscellaneous,Miscellaneous,"MITT HOT 17"" PYROTEX "," 17"" Best Grip Oven Mitt "," Made of a fire retardant material and neoprene, this oven mitt is made to provide the ultimate protection from extreme temperatures  The neoprene material allows for better gripping, extra protection, and easy cleaning. ",167810CM17,1,1,1,50000,1, San Jamar ,,,Y,,,,PAIR
57,Miscellaneous,Miscellaneous,LID BLUE FOR 12-18-22 QT ," Midnight Blue Square Polyethylene Lid 12,18,22 qt. "," Featuring an interior and exterior seal, this lid is designed to prevent spills and protect food no matter what. The extended lip functions as a thumb tab to allow for easy removal ",214SFC12,1,1,1,50000,1, Cambro ,,,Y,,,,EACH
58,Miscellaneous,Miscellaneous,CONTAINER 18 QT CLEAR, 18 qt. Clear Square Polycarbonate Food Storage Container ," 18 qt. Clear Square Polycarbonate Food Storage Container  This food storage container is made of crystal clear, virtually unbreakable polycarbonate that won't be stained or harmed by food acids, oils, and alcohol.  ",21418SFSCW,1,1,1,50000,2, Cambro ,,,Y,,,,EACH
59,Miscellaneous,Miscellaneous,CONTAINER 4 QT WHITE ROUND POLY, 4 qt. Round White Food Storage Container , Use this container to store ingredients with the snap on lid (sold separately) or transport ready-to-serve or partially prepared foods to your event! Its round shape promotes proper air circulation around the container for even temperature distribution ,214RFS4,1,1,1,50000,1, Cambro ,,,Y,,,,EACH
60,Miscellaneous,Miscellaneous,LID WHITE 2 & 4 QT ROUND POLY, 4 qt. White Round Lid ," Lock in your food's freshness with this Cambro RFSC2 snap on cover! This tight fitting translucent polypropylene cover is for 2 and 4 qt. round, white storage containers.  ",214RFSC2,1,1,1,50000,3, Cambro ,,,Y,,,,EACH
61,Miscellaneous,Miscellaneous,"PAN 1/6 CLEAR 6"" DEEP 2.4 QT"," 1/6 6"" Deep Clear Food Pan 2.4 qt. "," 1/6 6"" Deep Clear Food Pan 2.4 qt. ",21466CWCL,1,1,1,50000,1, Cambro ,,,Y,,,,EACH
62,Miscellaneous,Miscellaneous,"COVER 1/6 CLEAR 6""X6"""," 1/6 Clear 6""x6"" Polycarbonate Handled Lid "," 1/6 Clear 6""x6"" Polycarbonate Handled Lid ",21460CWCHCL,1,1,1,50000,1, Cambro ,,,Y,,,,EACH
63,Miscellaneous,Miscellaneous,"PAN 1/3 CLEAR 6"" DEEP 5.6 QT"," 1/3 6"" Deep Clear Food Pan 5.6 qt. "," 1/3 6"" Deep Clear Food Pan 5.6 qt. ",21436CWCL,1,1,1,50000,1, Cambro ,,,Y,,,,EACH
64,Miscellaneous,Miscellaneous,"COVER 1/3 CLEAR 12""X6"""," 1/3 Clear 12""x6"" Polycarbonate Handled Lid "," 1/3 Clear 12""x6"" Polycarbonate Handled Lid ",21430CWCHCL,1,1,1,50000,1, Cambro ,,,Y,,,,EACH
65,Miscellaneous,Miscellaneous,PAN 1/9 CLEAR," 1/9 4"" Deep Clear Polycarbonate Food Pan ","Its clear exterior gives you the full view of its contents at all times, and its polycarbonate structure naturally resists food acids and oils to maintain crystal clarity. It can stand up to temperatures between -40 and 212 degrees Fahrenheit, and it is completely dishwasher safe. ",700PLPA8194,1,1,1,50000,2, Cambro ,,,Y,,,,EACH
66,Miscellaneous,Miscellaneous,BOWL S/S 5-QT ," 5 qt. Stainless Mixing Bowl 11.5"" Dia. "," This mixing bowl is lightweight, yet it's built to last and made of durable 18/8 stainless steel. Its attractive mirror finish adds sleek and shine to any kitchen.  ",407MXB5,1,1,1,50000,2, WSR ,,,Y,,,,EACH
67,Miscellaneous,Miscellaneous,"BRUSH PASTRY 4"" NYLON FLAT GALAXY"," 4"" Nylon Pastry Brush "," 4"" Nylon Pastry Brush ",27140393,1,1,1,50000,1, WSR ,,,Y,,,,EACH
68,Miscellaneous,Miscellaneous,BRUSH PASTRY WOOD HANDLE," 2"" Boar Bristle Pastry Brush with Hook "," 2"" Boar Bristle Pastry Brush with Hook ",27140378,1,1,1,50000,1, Carlisle ,,,Y,,,,EACH
69,Miscellaneous,Miscellaneous,APRON BIB NEOPRENE FULL, Neoprene Yellow Bib Dishwashing Apron ,"Made from a heat resistant, fire-retardant, and cut-resistant Neo-Flex material, this apron offers superior protection from grease, cooking liquids, and splashing water.",167615NBA,1,1,1,50000,3, San Jamar ,,,Y,,,,EACH
70,Miscellaneous,Miscellaneous,BOX DRAIN KIT W/LID, 20x15x7 Perforated Drain Box Kit with Lid , 20x15x7 Perforated Drain Box Kit with Lid ,92252618,1,1,1,50000,3, Vollrath ,,,Y,,,,EACH
71,Miscellaneous,Miscellaneous,BASKET WASTE , Brown 41.25 qt. Rectangular Wastebasket , Brown 41.25 qt. Rectangular Wastebasket ,2744114BR,1,1,1,50000,3, Continental ,,,Y,,,,EACH
72,Miscellaneous,Miscellaneous,BASKET WASTE 23 GAL WALL HUGGER BROWN, Black 23 Gallon Wall Hugger Trash Can ," This black trash can is ideal for kitchens, food trucks, and small cafes, since it doesn't take up much space. The 23 gallon trash can easily stacks inside other trash cans to maximize floor space when not in use,
 ",2748322BK,1,1,1,50000,3, Continental ,,,Y,,,,EACH
73,Miscellaneous,Miscellaneous,"HANDLE MOP 61"" BLUE PLASTIC QUICK CHANGE"," 60"" Quick Release Mop, Wood Handle "," This Continental A70302 high-impact plastic head features a side release gate for fast and easy mop changes. Mop simply slides off without having to touch it. Features an easy to use thumbwheel adjustment. 60"" overall length. ",690H115,1,1,1,50000,2, Continental ,,,Y,,,,EACH
74,Miscellaneous,Miscellaneous,"HANDLE MOP 60"" WOOD/PLASTIC HEAD QUICK"," 60"" Side Release Mop Handle, Plastic Handle "," For fast and easy mop changes, its convenient side release allows your mop to effortless slide off without the mess. ",690PHSH60SL,1,1,1,50000,2, WSR ,,,Y,,,,EACH
75,Miscellaneous,Miscellaneous,BROOM WAREHOUSE DUO-SWEEP 4 FT HANDLE," Duo Sweep 48"" Warehouse Broom "," Duo Sweep 48"" Warehouse Broom ",27136884,1,1,1,50000,4, Carlisle ,,,Y,,,,EACH
76,Miscellaneous,Miscellaneous,"HOLDER BROOM AMD BRUSH 18"""," 18"" Roll N Grip Adjustable Broom Hanger "," This rack provides a convenient storage solution for mops, brushes, or brooms while also keeping them securely held to the wall. This hanging design helps prevent damage to brushes bristles, counters, and walls 
 ",27140731,1,1,1,50000,5, Carlisle ,,,Y,,,,EACH
77,Miscellaneous,Miscellaneous,BROOM UPRIGHT , Synthetic Bristle Janitor Broom Black , Synthetic Bristle Janitor Broom Black ,27141679,1,1,1,50000,4, Carlisle ,,,Y,,,,EACH
78,Miscellaneous,Miscellaneous,BROOM LOBBY ANGLED ," Duo Sweep 30"" Flagged Lobby Broom "," Duo Sweep 30"" Flagged Lobby Broom ",27136859,1,1,1,50000,2, Carlisle ,,,Y,,,,EACH
79,Miscellaneous,Miscellaneous,HANDLE WOOD," 60"" Bamboo Broom Handle Metal Thread "," Bamboo handles like this one are extremely strong, and contain natural antioxidants which prohibit bacterial growth. The wood on them is 100% recyclable and highly renewable, thanks to its fast growth.
 ",274M104060,1,1,1,50000,3, Continental ,,,Y,,,,EACH
80,Miscellaneous,Miscellaneous,PAN DUST LOBBY BLACK , Lobby Pro Plastic Upright Dust Pan w/ Wheels , Lobby Pro Plastic Upright Dust Pan w/ Wheels ,6902531,1,1,1,50000,2, Rubbermaid ,,,Y,,,,EACH
81,Miscellaneous,Miscellaneous,BRUSH TOILET WHITE*," 21"" Toilet Bowl Brush "," 21"" Toilet Bowl Brush ",27140143,1,1,1,50000,2, Carlisle ,,,Y,,,,EACH
82,Miscellaneous,Miscellaneous,"BRUSH FLOOR SCRUB 10"" "," 10"" Hi-lo Floor Scrub Brush with Squeegee "," 10"" Hi-lo Floor Scrub Brush with Squeegee ",27140421,1,1,1,50000,3, Carlisle ,,,Y,,,,EACH
83,Miscellaneous,Miscellaneous,PLUNGER ," 24"" Power Plunger "," 24"" Power Plunger ",274520,1,1,1,50000,3, Continental ,,,Y,,,,EACH
84,Miscellaneous,Miscellaneous,MAT FLOOR ," 3'x5' Black Anti Fatigue 1/2"" Rubber Floor Mat with Beveled Edge "," 3'x5' Black Anti Fatigue 1/2"" Rubber Floor Mat with Beveled Edge ",844B755100,1,1,1,50000,5, Teknor ,,,Y,,,,EACH
85,Miscellaneous,Miscellaneous,BOTTLE SPRAY 24 OZ W/TRIGGER , 32 oz. Plastic Spray Bottle *3 PK , This kit includes (3) 32 oz. spray bottles with 3 spray triggers in each pack. Buying bulk cleaning agents and spray bottles will save your business on cleaning costs.  ,27432KIT,1,1,1,50000,3, Continental ,,,Y,,,,3 CT
86,Miscellaneous,Miscellaneous,SCRUBBER STAINLESS STEEL 1.75 OZ LARGE, Stainless Steel Scouring Pads *12 PK , Stainless Steel Scouring Pads *12 PK ,579434,1,1,1,50000,1, WSR ,,,Y,,,,12 CT
87,Miscellaneous,Miscellaneous,"PAD SCRUBBER 6X9"" HVY DUTY GREEN"," 6""x9"" Heavy Duty Green Scouring Pads * 10 PK "," Quickly remove heavily baked on food and other soils from grills, ovens, food processing equipment and more with this 3M 86CC Scotch-Brite 6"" x 9"" heavy-duty green scouring pad! Guaranteed to stand tough against a variety of heavy-duty cleaning jobs ",39986CC,1,1,1,50000,4, Scotch Brite ,,,Y,,,,12 CT
88,Miscellaneous,Miscellaneous,"PRE-RINSE UNIT 8"" ADJ CONTROL VALVE S/S"," Wall Mount 35.75""H, Pre Rinse Faucet w/ 8"" Adjustable Centers, High Flow Spray Valve "," This Equip by T&S 5PR-8W12-H wall mounted pre rinse faucet features a 44"" flex hose and spring design that provides plenty of versatility in a variety of applications! ",5105PR8W12H,1,1,1,50000,10, T&S ,,,Y,,,,EACH
89,Miscellaneous,Miscellaneous,SHIM WOBBLE PLASTIC LEVELER FOR TABLE, Wobble Wedge Tapered Translucent Hard Nylon Shim *30 PK ," Wobble Wedges are for use with equipment, furniture and just about anything that wobbles. They are simple, quick and easy to use. No tools are required. They work great on tile and uneven floors. For really big wobbles, stack them! 30 per pack. ",3592801174,1,1,1,50000,6, WSR ,,,Y,,,,30 CT
90,Miscellaneous,Miscellaneous,"PLATTER CHINA PIZZA 13X3/8"" ROUND DEEP"," Tuxton DuraTux Pizza Plate 13.125"" Ivory/EggShell China Plate *6 CT "," Tuxton DuraTux Pizza Plate 13.125"" Ivory/EggShell China Plate *6 CT ",303PP13IV,1,1,1,50000,1, Tuxton ,,,Y,,,,6 CT
91,Miscellaneous,Miscellaneous,"PLATE SQUARE EGGSHELL 8-1/2"""," Tuxton DuraTux Square 8.5""x8.5"" Ivory/Eggshell China Plate *12 CT "," This Tuxton BEH-0845 8 1/2"" square china plate in American White (Ivory) gives a unique look to your tabletop presentation. The Tuxton BEH-0845 is also perfect for restaurants, institutions, and any other commercial foodservice applications.  ",303BEH0845,1,1,1,50000,12, Tuxton ,,,Y,,,,12 CT
92,Miscellaneous,Miscellaneous,Aluminum Dough Tray Dollies," 20""x26""x69"" End Load Speed Rack, 20 Pan Capacity (Unassembled) "," This bun pan rack can hold up to 20 full size sheet pans or 40 half size sheet pans - up to 350 lb. of total weight - with 3"" of space between them, ensuring your foods can be stored safely.  ",109RACKECON,1,1,1,50000,33, Regency ,,,Y,,,,1 CT
93,Miscellaneous,Miscellaneous,Sheet trays-  FULL SIZE," 18""x26"" Heavy Duty Aluminum Sheet Pan, Sanitary Open Bead Rim ", Bring a bit of muscle to your kitchen with this extremely-durable 12 gauge aluminum full size bun / sheet pan! This heavy duty sheet pan is designed to stand up to the toughest abuse your kitchen or bakery can dish out!  ,407FULL12G,1,1,1,50000,7, WSR ,,,Y,,,,1 CT
94,Miscellaneous,Miscellaneous,Wine opener, Boomerang Waiter Corkscrew with Cutter ," Whether your servers carry it for table service, or your bartenders keep it behind the bar, this product can always be at hand! Its patented floating axis design lets the boot lever constantly hug up against the cork for easy extraction.  ",208C2034,1,1,1,50000,1, Franmara ,,,Y,,,,1 CT
95,Miscellaneous,Miscellaneous,Bottle opener, All In One Waiter Bottle Opener and Corkscrew , All In One Waiter Bottle Opener and Corkscrew ,4071148,1,1,1,50000,1, WSR ,,,Y,,,,1 CT
96,Miscellaneous,Miscellaneous,Wooden pizza peels - 36 X 14," 12""x14"" Wooden Tapered Pizza Peel with 22"" Handle "," 12""x14"" Wooden Tapered Pizza Peel with 22"" Handle ",1241236,1,1,1,50000,6, American Metalcraft ,,,Y,,,,1 CT
97,Miscellaneous,Miscellaneous,Metal shovel ," 12"" Square Deluxe Aluminum Peel w/ 48"" Handle "," Thanks to its thin 12"" square aluminum blade, this American Metalcraft ITP1246 deluxe all aluminum pizza peel makes it easy to slide pizzas, stromboli, or even sandwiches and sides in and out of your pizza oven. ",124ITP1246,1,1,1,50000,3, American Metalcraft ,,,Y,,,,1 CT
98,Miscellaneous,Miscellaneous,"Pizza cutters (* 4"" Sani Safe)"," 4"" Pizza Cutter Black Handle "," 4"" Pizza Cutter Black Handle ",3325626,1,1,1,50000,1, Table Craft ,,,Y,,,,1 CT
99,Miscellaneous,Miscellaneous,Salad spinner, 5 Gallon Plastic Salad Spinner/Dryer with Brake ," Whenever salad is served, the highest cost item is the dressing! By using one of our commercial salad spinners, dressing ""clings"" to the lettuce ",599SD12,1,1,1,50000,6, WSR ,,,Y,,,,1 CT
100,Miscellaneous,Miscellaneous,4 quart containers with lids, 4 qt. Translucent Round Deli Container with Lid * 5 PK ," Made from translucent polyethylene, it allows you to see stored contents and increase impulse sales. Plus, it's microwavable and can withstand temperatures from 0 to 250 degrees Fahrenheit, ",1287128 COMBOKIT,1,1,1,50000,10, WSR ,,,Y,,,,5 CT
101,Miscellaneous,Miscellaneous,2 quart containers with lids, 2.7 qt. Translucent Round Deli Container with Lid * 10 PK , This 86 oz. deli container / tub seals in flavor and helps you organize more efficiently. There's no need to worry about buying the right lid for your deli containers! This convenient combo pack comes with 10 containers and 10 matching lids. BPA free. ,1287080 COMBOKIT,1,1,1,50000,8, WSR ,,,Y,,,,10 CT
102,Miscellaneous,Miscellaneous,6 quart containers with lids, 5.25 qt. Translucent Round Deli Container with Lid * 5 PK ," This 168 oz. deli container / tub seals in flavor and helps you organize more efficiently. There's no need to worry about buying the right lid for your deli containers! This convenient combo pack comes with 5 containers and 5 matching lids. BPA free. 
 ",1288160 COMBOKIT,1,1,1,50000,5, WSR ,,,Y,,,,1 CT
103,Miscellaneous,Miscellaneous,Immersion blender," 10"" Quik StiK 2 Speed Medium Duty Immersion Blender "," The Waring WSB40 has a completely sealed 10"" stainless steel shaft making it easy to clean, and also lightweight when in use. It requires a 120V electrical connection and is NSF and ETL Listed.  ",929WSB40,1,1,1,50000,8, Waring ,,,Y,,,,1 CT
104,Miscellaneous,Miscellaneous,Meat slicer  ," 12"" Heavy Duty Manual Meat Slicer 1/2 HP "," This Vollrath  slicer comes with an exclusive non-stick coating on the regulator plate that's great for cheese slicing   A large cutting tray, and a maximum cutting capacity of items measuring 11 1/8""W x 7 5/8""H allows an extra measure of versatility. ",92240904,1,1,1,50000,60, Vollrath ,,,Y,,,,1 CT
105,Miscellaneous,Miscellaneous,Meat grinder - Globe , Chefmate #12 250 lb Meat Grinder , Chefmate #12 250 lb Meat Grinder ,377CC12115,1,1,1,50000,1, Globe ,,,Y,,,,1 CT
106,Miscellaneous,Miscellaneous,Rubber spatulas," 13.5"" High Temperature Silicone Spatula "," 13.5"" High Temperature Silicone Spatula ",6901963,1,1,1,50000,1, Vollrath ,,,Y,,,,1 CT
107,Miscellaneous,Miscellaneous,6 inch deep perforated pans," Full Size Stainless Steel  Perforated Steam Table/Hotel Pan 6"" Deep "," Full Size Stainless Steel  Perforated Steam Table/Hotel Pan 6"" Deep ",4070063,1,1,1,50000,3, WSR ,,,Y,,,,1 CT
108,Miscellaneous,Miscellaneous,Hotel pans -  ," Full Size Standard Weight Stainless Steel Steam Table/Hotel Pan 4"" Deep "," Full Size Standard Weight Stainless Steel Steam Table/Hotel Pan 4"" Deep ",4070049,1,1,1,50000,5, WSR ,,,Y,,,,1 CT
109,Miscellaneous,Miscellaneous,Measuring cups, 4 Pc Heavy Duty Measuring Cups , 4 Pc Heavy Duty Measuring Cups ,672333,1,1,1,50000,1, WSR ,,,Y,,,,1 CT
110,Miscellaneous,Miscellaneous,Measuring spoons, 4 Pc Heavy Duty Measuring Spoon , 4 Pc Heavy Duty Measuring Spoon ,808722,1,1,1,50000,1, WSR ,,,Y,,,,1 CT
111,Miscellaneous,Miscellaneous,Digital scale, 22 lb. Digital Portion Scale ," With special features such as a tare button and an adjustable auto-off function, this machine will cut your losses and boost profits thanks to accurate portion control.  ",608TE22FT,1,1,1,50000,10, Taylor ,,,Y,,,,1 CT
112,Kitchen,Appliances,kitchen aid," Artisan Series 5 qt. 10 Speed Stand Mixer, Metallic Chrome w/ Bowl "," Artisan Series 5 qt. 10 Speed Stand Mixer, Metallic Chrome w/ Bowl ",,1,1,1,50000,30, KitchenAid ,,,Y,,,,1 CT
113,Kitchen,Appliances, Food Grinder Attachment , FGA Food Grinder Attachment for Stand Mixers , This grinder attachment also comes with a combination food pusher/wrench for easy assembly and safe operation. ,519FGA,1,1,1,50000,6, KitchenAid ,,,Y,,,,1 CT
114,Miscellaneous,Miscellaneous,Large mesh strainer," 10.25"" Medium Single Mesh Strainer "," 10.25"" Medium Single Mesh Strainer ",4079199,1,1,1,50000,3, Table Craft ,,,Y,,,,1 CT
115,Miscellaneous,Miscellaneous,portioner- Vollrath, Royal Blue #16 Squeeze Disher Portion Scoop 2 oz. , Royal Blue #16 Squeeze Disher Portion Scoop 2 oz. ,92247395,1,1,1,50000,1, Vollrath ,,,Y,,,,1 CT
116,Miscellaneous,Miscellaneous,Commercial grade can opener , Old Reliable #1 Manual Can Opener with Plated Steel Base ," It features a heavy duty melonite arbor that resists rust and provides a smooth, comfortable spinning action, while the plastic bushing lowers the turning force required for easier opening.  ",3331B,1,1,1,50000,5, Edlund ,,,Y,,,,1 CT
117,Miscellaneous,Miscellaneous,"Bus tubs - 5"" DEEP"," Grey Polyethylene Plastic Cambox Bus Box 21""x15""x5""   *12 CT (PRICE IS FOR 12 CT) "," Grey Polyethylene Plastic Cambox Bus Box 21""x15""x5""   *12 CT (PRICE IS FOR 12 CT) ",21421155CBPS,1,1,1,50000,1, Cambro ,,,Y,,,,12 CT
118,Miscellaneous,Miscellaneous,Grey Polypropylene Bus Tub," 20""x15""x7"" Grey Polypropylene Bus Tub ", This versatile black bus tub measures 20'' x 15'' x 7'' and boasts durable plastic construction built to carry even the heaviest of dinnerware.  ,70221157 BK,1,1,1,50000,5, Tablecraft ,,,Y,,,,1 CT
119,Miscellaneous,Miscellaneous,"Speed rack***22"" Bottle Holder Rack SS**"," 22"" Stainless Steel Single Tier Speed Rail (Bottle Rack) ", This Regency 22'' stainless steel single tier speed rail is built to withstand nearly any environment and help your staff keep up with customers' demands in a reliable and exceedingly efficient manner.  ,712B5522,1,1,1,50000,3, Regency ,,,Y,,,,1 CT
120,Miscellaneous,Miscellaneous,Colored cutting boards," 18""x24"" Colored Cutting Board (Green, Red, Blue, Yellow, Brown, White) "," 18""x24"" Colored Cutting Board (Green, Red, Blue, Yellow, Brown, White) ","20318245 (+ GR, RD, BL, YE, TN, * NO ADD FOR WHITE) ",1,1,1,50000,2, WSR ,,,Y,,,,1 CT
121,Miscellaneous,Miscellaneous,Large mixing bowls**20qt SS**, 20 Qt. Stainless Steel Mixing Bowl , 20 Qt. Stainless Steel Mixing Bowl ,92247947,1,1,1,50000,2, Vollrath ,,,Y,,,,1 CT
122,Miscellaneous,Miscellaneous,10 gallon ingredient, 10 Gallon Ingredient Bin w/ ProSave Lid and Scoop ," The Rubbermaid Brute 9G73 10 gallon ingredient bin provides quick access to all of your bulk ingredients. It features a clear rotating lid, which makes it easy to open even when you only have one hand available.
 ",6909G73,1,1,1,50000,4, Rubbermaid ,,,Y,,,,1 Bin
123,Miscellaneous,Miscellaneous,16 oz. Pint Glasses, 16 oz. Pint Glasses *24 CS , 16 oz. Pint Glasses *24 CS ,5515139,1,1,1,50000,20, WSR ,,,Y,,,,24 CT
124,Miscellaneous,Miscellaneous,Wine Glass, 11 oz. Wine Glass *12 CS , 11 oz. Wine Glass *12 CS ,5535414,1,1,1,50000,16, WSR ,,,Y,,,,12 CT
125,Miscellaneous,Miscellaneous,"12"" Hi-Heat Nylon Prep Spoon"," 12"" Hi-Heat Nylon Prep Spoon "," The Hi-Heat nylon can withstand temperatures up to 475 degrees Fahrenheit and will not scratch or mar surfaces. Vollrath has also added hanging holes to the handles for simple storage. 
 ",92246898WH,1,1,1,50000,1, Vollrath ,,,Y,,,,1 CT
126,Miscellaneous,Miscellaneous,"13"" Heavy Duty Slotted Spoon"," 13"" Heavy Duty Slotted Spoon "," 13"" Heavy Duty Slotted Spoon ",92264405,1,1,1,50000,1, Vollrath ,,,Y,,,,1 CT
127,Miscellaneous,Miscellaneous,8 oz. Stainless Steel Ladle, 8 oz. Stainless Steel Ladle , 8 oz. Stainless Steel Ladle ,92246818,1,1,1,50000,1, WSR ,,,Y,,,,1 CT
128,Miscellaneous,Miscellaneous, Deep Perforated Hotel Pan," 6"" Deep Perforated Hotel Pan "," 6"" Deep Perforated Hotel Pan ",4070063,1,1,1,50000,2, WSR ,,,Y,,,,1 CT
129,Miscellaneous,Miscellaneous, Standard Dough Trays White *10 CT , Standard Dough Trays White *10 CT , Standard Dough Trays White *10 CT ,,1,1,1,50000,1, WRH ,,,Y,,,,10 CT
130,Miscellaneous,Miscellaneous," Plastic Dough Tray Dollie w/ 3"" EZ Roll Casters "," Plastic Dough Tray Dollie w/ 3"" EZ Roll Casters "," Plastic Dough Tray Dollie w/ 3"" EZ Roll Casters ",,1,1,1,50000,1, WRH ,,,Y,,,,1 CT
131,Miscellaneous,Miscellaneous," Aluminum Solid Deck HD (Multi Use) Dough Tray Dollie w/ 5"" EZ Roll Casters "," Aluminum Solid Deck HD (Multi Use) Dough Tray Dollie w/ 5"" EZ Roll Casters "," Aluminum Solid Deck HD (Multi Use) Dough Tray Dollie w/ 5"" EZ Roll Casters ",,1,1,1,50000,1, WRH ,,,Y,,,,1 CT
132,Miscellaneous,Miscellaneous, Dough Scraper DS-1 *White , Dough Scraper DS-1 *White , Dough Scraper DS-1 *White ,,1,1,1,50000,1, WRH ,,,Y,,,,1 CT
133,Miscellaneous,Miscellaneous, Dough Scraper DS-1 *Colors , Dough Scraper DS-1 *Colors , Dough Scraper DS-1 *Colors ,,1,1,1,50000,1, WRH ,,,Y,,,,1 CT
134,Miscellaneous,Miscellaneous, Dough Scraper DS-2 *White , Dough Scraper DS-2 *White , Dough Scraper DS-2 *White ,,1,1,1,50000,1, WRH ,,,Y,,,,1 CT
135,Miscellaneous,Miscellaneous, Dough Scraper DS-2 *Colors , Dough Scraper DS-2 *Colors , Dough Scraper DS-2 *Colors ,,1,1,1,50000,1, WRH ,,,Y,,,,1 CT
136,Miscellaneous,Miscellaneous, Fruit/Vegetable Dicer," Instacut 3.5 1/4"" Fruit/Vegetable DicerTable Mount "," Instacut 3.5 1/4"" Fruit/Vegetable DicerTable Mount ",92215000,1,1,1,50000,8, Vollrath ,,,Y,,,,1 CT
137,Miscellaneous,Miscellaneous, Round Stainless Pizza Peel ," 9"" Round Stainless Pizza Peel w/ 59"" Handle "," 9"" Round Stainless Pizza Peel w/ 59"" Handle ",I-23,1,1,1,50000,4, GI Metal ,,,Y,,,,1 CT
138,Miscellaneous,Miscellaneous, Round Perforated Pizza Peel," 8"" Round Perforated Pizza Peel w/ 59"" Handle "," 8"" Round Perforated Pizza Peel w/ 59"" Handle ",I-20F,1,1,1,50000,5, GI Metal ,,,Y,,,,1 CT
139,Miscellaneous,Miscellaneous,"Stainless Ash Shovel w/ 59"" Handle"," Stainless Ash Shovel w/ 59"" Handle "," Stainless Ash Shovel w/ 59"" Handle ",AC-PL,1,1,1,50000,6, GI Metal ,,,Y,,,,1 CT
140,Miscellaneous,Miscellaneous," Pizza Peel Stand Stainless Steel 15.75"" Base, 67.75"" High "," Pizza Peel Stand Stainless Steel 15.75"" Base, 67.75"" High "," Pizza Peel Stand Stainless Steel 15.75"" Base, 67.75"" High ",41769-00,1,1,1,50000,1, World Cuisine ,,,Y,,,,1 CT
141,Miscellaneous,Miscellaneous,Cheese Shake, 10 oz. Cheese Shaker Clear polycarbonate ,"  Made of clear polycarbonate, this shaker is durable enough to withstand longterm use and is see-through, helping you to quickly identify cheeses. ",21496SKRC,1,1,1,50000,1, Tablecraft ,,,Y,,,,1 CT
142,Miscellaneous,Miscellaneous, Pepper Mill Wooden ," 18"" Pepper Mill Wooden Gloss Finish *Price ea, MUST be ordered in lots of 12 "," Treat your guests to the luxury of freshly ground pepper without sacrificing your budget. This economical pepper mill provides a quality solution at an affordable price. Measures 18"" tall. ",583PM18,1,1,1,50000,15, WSR ,,,Y,,,,1 CT
143,Miscellaneous,Miscellaneous,Cutlery Holder 4 Compartment ," Cutlery Holder 4 Compartment 21""x13.25""x4"" Black Polyethylene "," This efficient design features 4 individual compartments, allowing you to neatly separate flatware, straws, and more for easy access by servers or patrons.  ",7021120CBPBK,1,1,1,50000,12, WSR ,,,Y,,,,1 CT
144,Miscellaneous,Miscellaneous,Silverware Cylinder Holder 6 Hole Plastic Silver, Silverware Cylinder Holder 6 Hole Plastic Silver , Silverware Cylinder Holder 6 Hole Plastic Silver ,92252644,1,1,1,50000,1, Vollrath ,,,Y,,,,1 CT
145,Miscellaneous,Miscellaneous,Plastic Flatware Cylinder , Plastic Flatware Cylinder White ," Organize your flatware with this white polyethylene cylinder! Sturdy enough to stand on its own, this cylinder is perfect for organizing flatware  ",271C35P,1,1,1,50000,2, WSR ,,,Y,,,,1 CT
146,Miscellaneous,Miscellaneous,2 oz. Ice Cream Scoop, 2 oz. Ice Cream Scoop , 2 oz. Ice Cream Scoop ,92247183,1,1,1,50000,1, WSR ,,,Y,,,,1 CT
147,Miscellaneous,Miscellaneous,Oil/Vinegar Cruet (Oil Can) , Oil/Vinegar Cruet (Oil Can) 24 Oz. Stainless , Oil/Vinegar Cruet (Oil Can) 24 Oz. Stainless ,4070C24,1,1,1,50000,2, WSR ,,,Y,,,,1 CT
148,Miscellaneous,Miscellaneous," Gladiator 14"" Fry Pan with Red Silicone Handle "," Gladiator 14"" Fry Pan with Red Silicone Handle "," Gladiator 14"" Fry Pan with Red Silicone Handle ",AFP-14A-H,1,1,1,50000,1, Winco ,,,Y,,,,1 CT
149,Miscellaneous,Miscellaneous, 2 oz. Stainless Steel Ladle , 2 oz. Stainless Steel Ladle , This 2 oz. soup ladle is crafted with durable stainless steel that's strong enough to withstand repeated use in any commercial kitchen. It measures 11 1/2'' in length and boasts a capacity of 2 oz.  ,92246902,1,1,1,50000,1, WSR ,,,Y,,,,1 CT
150,Miscellaneous,Miscellaneous, Stainless Steel Ladle, 3 oz. Stainless Steel Ladle , This 3 oz. soup ladle is crafted with durable stainless steel that's strong enough to withstand repeated use in any commercial kitchen. It measures 11 1/2'' in length and boasts a capacity of 3 oz.  ,92246903,1,1,1,50000,1, WSR ,,,Y,,,,1 CT
151,Miscellaneous,Miscellaneous, 7qt. Stainless Steel Bowl," Continuous Feed/Batch Bowl Food Processor w/ 7qt. Stainless Steel Bowl. Includes ""S"" Blade, 3mm Grating Disc, and 3mm Slicing Disc 120 Volts ", Bowl Food Processor w/ 7qt. Stainless Steel Bowl ,649R602V,1,1,1,50000,1, Robot Coupe ,,,Y,,,,1 CT
152,Miscellaneous,Miscellaneous, Stainless Steel Mixing Bowl, 3 qt. Stainless Steel Mixing Bowl ," This multi-purpose mixing bowl is made of durable, mirror-finished stainless steel for an attractive sheen and outstanding durability. ",92247933,1,1,1,50000,10, Vollrath ,,,Y,,,,1 CT
153,Miscellaneous,Miscellaneous, Stainless Steel Mixing Bowl, 8 qt. Stainless Steel Mixing Bowl ," This multi-purpose mixing bowl is made of durable, mirror-finished stainless steel for an attractive sheen and outstanding durability. ",92247938,1,1,1,50000,12, Vollrath ,,,Y,,,,1 CT
154,Miscellaneous,Miscellaneous, Stainless Steel Colander w/ Base, 8 qt. Stainless Steel Colander w/ Base ," Equipped with both a base and handles, this colander is ideal for rinsing fruits and vegetables in the sink, as well as straining pasta and potatoes. ",92247969,1,1,1,50000,10, Vollrath ,,,Y,,,,1 CT
155,Miscellaneous,Miscellaneous, Invert Top Squeeze Bottle, 24 oz. Invert Top Squeeze Bottle ," Its clear polyethylene material provides easy identification for faster service, and its unique design ensures sanitation in your sandwich shop, deli, or cafe. This squeeze bottle is BPA free and NSF Listed. ",80824SV,1,1,1,50000,6, Table Craft ,,,Y,,,,1 CT
156,Miscellaneous,Miscellaneous,"Colored Invert Top, (TOP ONLY) "," 24 oz. Colored Invert Top, Solid Top Assorted Colors (TOP ONLY) *12CT "," 24 oz. Colored Invert Top, Solid Top Assorted Colors (TOP ONLY) *12CT ",80553FCAPA,1,1,1,50000,3, Table Craft ,,,Y,,,,1 CT
157,Miscellaneous,Miscellaneous, Clear Plastic Beverage Pitcher, 32 oz Clear Plastic Beverage Pitcher *6 CT , 32 oz Clear Plastic Beverage Pitcher *6 CT ,214P320CWCL,1,1,1,50000,2, Cambro ,,,Y,,,,6 CT
158,Miscellaneous,Miscellaneous, 1 Gallon Clear Plastic Pitcher w/ Lid *6 CT , 1 Gallon Clear Plastic Pitcher w/ Lid *6 CT , 1 Gallon Clear Plastic Pitcher w/ Lid *6 CT ,6903063,1,1,1,50000,1, Rubbermaid ,,,Y,,,,6 CT
159,Miscellaneous,Miscellaneous,"15"" Wood Dough Rolling Pin"," 15"" Wood Dough Rolling Pin ", The sturdy design and tapered handles of this rubberwood rolling pin allow for non-slip usage. The quality ball bearing mechanism makes for smooth operation.  ,124WRP5715,1,1,1,50000,13, WSR ,,,Y,,,,1 CT
160,Miscellaneous,Miscellaneous,Huskee 44 Gallon Trash Can with Lid and Dolly, Huskee 44 Gallon Trash Can with Lid and Dolly ," Huskee 44 Gallon Trash Can with Lid and DollyHuskee 44 gallon gray trash can with Continental 4445GY Huskee gray lid and black trash can dolly. It's one-stop shopping, all your needs in one concise collection! 
 ",27444TCGYKIT,1,1,1,50000,20, Continental ,,,Y,,,,1 CT
161,Miscellaneous,Miscellaneous,Janitorial. Mop Bucket/Wringer Combo, Janitorial 36 qt. Mop Bucket/Wringer Combo , This Lavex Janitorial 36 qt. yellow mop bucket with wringer combo makes mopping a breeze with a simple-to-use bucket with wringer that has a heavy duty spring. ,274MOPBCKTYE,1,1,1,50000,11, Lavex ,,,Y,,,,1 CT
162,Miscellaneous,Miscellaneous, Adjustable Tray and Dish Cart with Vinyl Cover Gray , Adjustable Tray and Dish Cart with Vinyl Cover Gray , Adjustable Tray and Dish Cart with Vinyl Cover Gray ,214TDC30GY,1,1,1,50000,1, Cambro ,,,Y,,,,1 CT
163,Miscellaneous,Miscellaneous,8 oz. Ramekin White , 8 oz. Ramekin White *6 CT , 8 oz. Ramekin White *6 CT ,429F1000568,1,1,1,50000,6, Homer Laughlin ,,,Y,,,,6 CT
164,Miscellaneous,Miscellaneous,"27.5""x69.375""  White Board With  Easel Stand"," 27.5""x69.375"" Single Sided White Board With Aluminum Easel Stand "," With a convenient bright porcelain whiteboard, paper holder along its top edge, and 2"" marker and eraser tray, your guests will be able to use a variety of presentation materials to get their message across. T ",445PB3040W,1,1,1,50000,15, Luxor H. Wilson ,,,Y,,,,1 CT
165,Miscellaneous,Miscellaneous,High Chair Dark Wood Finish, High Chair Dark Wood Finish ," This high chair is made of 3/4"" solid hardwood, features radius corners, and fits flush to standard table heights, ensuring your little guests are fully present at mealtime.  ",164HCHRKDBR,1,1,1,50000,14, Lancaster ,,,Y,,,,1 CT
166,Miscellaneous,Miscellaneous, Round Pasta/Salad Bowl Ivory/Eggshell," 32 oz. 9"" Round Pasta/Salad Bowl Ivory/Eggshell "," 32 oz. 9"" Round Pasta/Salad Bowl Ivory/Eggshell ",303BED0945IV,1,1,1,50000,8, Tuxton ,,,Y,,,,12 CT
167,Miscellaneous,Miscellaneous,Pizza Peel Rack, Pizza Peel Rack , Keep your peel clean in between uses and out of the way by resting it on this rack.  ,124WPH45153,1,1,1,50000,1, American Metalcraft ,,,Y,,,,1 CT
168,Miscellaneous,Miscellaneous," White China Coupe Style Pizza Plate 14"" *12 CS "," White China Coupe Style Pizza Plate 14"" *12 CS "," White China Coupe Style Pizza Plate 14"" *12 CS ",303PP2,1,1,1,50000,1, CAC ,,,Y,,,,12 CT
